site,year,cones,tree
BD,2002,0,159
BD,2003,0,159
BD,2004,0,159
BD,2005,0,159
BD,2006,0.6,159
BD,2007,0,159
BD,2008,0,159
BD,2009,0.2,159
BD,2010,0.2,159
BD,2011,0,159
BD,2012,0,159
BD,2013,0,159
BD,2014,0.2,159
BD,2015,1,159
BD,2016,0,159
BD,2017,0.8,159
BD,2018,1.2,159
BD,2019,1.6,159
BD,2020,0.2,159
BD,1998,0,166
BD,1999,0.6,166
BD,2000,0,166
BD,2001,0,166
BD,2002,1,166
BD,2003,0.2,166
BD,2004,0,166
BD,2005,0.2,166
BD,2006,2.6,166
BD,2007,0,166
BD,2008,1.4,166
BD,2009,0.4,166
BD,2010,0,166
BD,2011,1.2,166
BD,2012,0,166
BD,2013,0,166
BD,2014,0.8,166
BD,2015,2.2,166
BD,2016,0.4,166
BD,2017,0,166
BD,2018,0,166
BD,2019,1.8,166
BD,2020,0,166
BD,2000,0,160
BD,2001,0,160
BD,2002,0,160
BD,2003,0.666666667,160
BD,2004,0,160
BD,2005,0,160
BD,2006,0.333333333,160
BD,2007,0,160
BD,2008,0.833333333,160
BD,2009,0,160
BD,2010,0.333333333,160
BD,2011,1,160
BD,2012,0.5,160
BD,2013,0,160
BD,2014,0,160
BD,2015,1.5,160
BD,2016,0.833333333,160
BD,2017,0,160
BD,2018,1,160
BD,2019,2.5,160
BD,2020,0.5,160
BD,2002,0,161
BD,2003,0.8,161
BD,2004,0,161
BD,2005,0,161
BD,2006,1.6,161
BD,2007,1,161
BD,2008,0.4,161
BD,2009,0.8,161
BD,2010,0.2,161
BD,2011,0.8,161
BD,2012,1.2,161
BD,2013,0,161
BD,2014,0,161
BD,2015,1.8,161
BD,2016,0.6,161
BD,2017,0,161
BD,2018,1.8,161
BD,2019,1,161
BD,2020,2.6,161
BD,2005,0,162
BD,2006,1,162
BD,2007,0,162
BD,2008,0.8,162
BD,2009,0.2,162
BD,2010,0,162
BD,2011,0.6,162
BD,2012,0,162
BD,2013,0,162
BD,2014,1,162
BD,2015,0,162
BD,2016,0.4,162
BD,2017,1.4,162
BD,2018,0.4,162
BD,2019,2.4,162
BD,2020,0.6,162
BD,2003,0,163
BD,2004,0,163
BD,2005,0,163
BD,2006,1.6,163
BD,2007,0,163
BD,2008,0,163
BD,2009,1.2,163
BD,2010,0,163
BD,2011,0.4,163
BD,2012,0,163
BD,2013,0,163
BD,2014,0,163
BD,2015,0.4,163
BD,2016,1.4,163
BD,2017,0,163
BD,2018,0,163
BD,2019,2.4,163
BD,2020,0,163
BD,2003,0.2,164
BD,2004,0,164
BD,2005,0,164
BD,2006,0.2,164
BD,2007,0,164
BD,2008,0,164
BD,2009,0,164
BD,2010,0,164
BD,2011,0,164
BD,2012,0,164
BD,2013,0,164
BD,2014,0,164
BD,2015,0.2,164
BD,2016,1.2,164
BD,2017,0,164
BD,2018,0.8,164
BD,2019,2,164
BD,2020,0,164
BD,2002,0.5,165
BD,2003,0,165
BD,2004,0,165
BD,2005,0,165
BD,2006,0.2,165
BD,2007,0,165
BD,2008,0.4,165
BD,2009,0.2,165
BD,2010,0,165
BD,2011,0,165
BD,2012,0,165
BD,2013,0,165
BD,2014,0.4,165
BD,2015,0.2,165
BD,2016,0,165
BD,2017,1,165
BD,2018,0.8,165
BD,2019,2.2,165
BD,2020,0.2,165
BD,1995,0,168
BD,1996,0,168
BD,1997,0,168
BD,1998,0,168
BD,1999,0.4,168
BD,2000,0,168
BD,2001,0.2,168
BD,2002,0,168
BD,2003,0.4,168
BD,2004,0,168
BD,2005,0,168
BD,2006,1.6,168
BD,2007,0.2,168
BD,2008,1,168
BD,2009,0.4,168
BD,2010,0,168
BD,2011,0.2,168
BD,2012,0,168
BD,2013,0,168
BD,2014,1,168
BD,2015,0.2,168
BD,2016,0.6,168
BD,2017,0.2,168
BD,2018,0,168
BD,2019,1.4,168
BD,2020,0,168
BD,2004,0,167
BD,2005,0,167
BD,2006,0.6,167
BD,2007,0,167
BD,2008,0,167
BD,2009,0.4,167
BD,2010,0,167
BD,2011,0.8,167
BD,2012,1,167
BD,2013,0,167
BD,2014,0.8,167
BD,2015,2,167
BD,2016,1.2,167
BD,2017,1,167
BD,2018,1.4,167
BD,2019,2.8,167
BD,2020,0.4,167
BH,2003,2.6,113
BH,2004,0.6,113
BH,2005,0.166666667,113
BH,2006,3.166666667,113
BH,2007,0,113
BH,2008,2.333333333,113
BH,2009,2.5,113
BH,2010,0.5,113
BH,2011,2,113
BH,2012,0.166666667,113
BH,2013,1,113
BH,2014,2.666666667,113
BH,2015,1.333333333,113
BH,2016,1.833333333,113
BH,2017,0.666666667,113
BH,2018,0.333333333,113
BH,2019,4.666666667,113
BH,2003,2.25,114
BH,2004,0.5,114
BH,2005,1,114
BH,2006,4.5,114
BH,2007,0,114
BH,2008,0.25,114
BH,2009,3.5,114
BH,2010,0,114
BH,2011,0,114
BH,2012,2.5,114
BH,2013,0,114
BH,2014,3.25,114
BH,2015,2.5,114
BH,2016,0.25,114
BH,2017,1,114
BH,2018,0,114
BH,2019,3.5,114
BH,2003,0.8,116
BH,2004,1,116
BH,2005,0,116
BH,2006,2.833333333,116
BH,2007,0,116
BH,2008,0,116
BH,2009,3,116
BH,2010,0,116
BH,2011,0,116
BH,2012,2.5,116
BH,2013,0,116
BH,2014,1.666666667,116
BH,2015,1.5,116
BH,2016,0.833333333,116
BH,2017,0.5,116
BH,2018,0,116
BH,2019,3.333333333,116
BH,2020,0,113
BH,2020,0,114
BH,2020,0,116
BH,2020,0,115
BH,2019,0,115
BH,2018,0,115
BH,2017,0,115
BH,2016,0,115
BH,2015,1.2,115
BH,2014,1,115
BH,2013,0,115
BH,2012,0,115
BH,2011,0.6,115
BH,2010,0,115
BH,2009,0.2,115
BH,2008,0.6,115
BH,2007,0.2,115
BH,2006,0.2,115
BH,2005,0.2,115
BH,2004,0.2,115
BH,2003,0,115
BH,2002,0,115
BH,2001,0,115
BH,2000,0,115
BH,2020,0,117
BH,2019,1.8,117
BH,2018,0,117
BH,2017,0.6,117
BH,2016,0,117
BH,2015,0.4,117
BH,2014,1.6,117
BH,2013,0,117
BH,2012,0.8,117
BH,2011,0.4,117
BH,2010,0,117
BH,2009,2.2,117
BH,2008,0.8,117
BH,2007,0,117
BH,2006,2.2,117
BH,2005,0.6,117
BH,2004,0.4,117
BH,2003,2,117
BH,2002,1,117
BH,2001,1.4,117
BH,2000,0.8,117
BH,2020,0,118
BH,2019,0,118
BH,2018,0,118
BH,2017,0,118
BH,2016,0,118
BH,2015,0.8,118
BH,2014,0.4,118
BH,2013,0,118
BH,2012,0.8,118
BH,2011,0.6,118
BH,2010,0,118
BH,2009,2.2,118
BH,2008,0.4,118
BH,2007,0,118
BH,2006,1.4,118
BH,2005,0.2,118
BH,2004,1.8,118
BH,2003,0,118
BH,2002,1.2,118
BH,2001,1.6,118
BH,2000,1,118
BH,2020,0,121
BH,2019,1,121
BH,2018,0,121
BH,2017,0,121
BH,2016,0,121
BH,2015,0,121
BH,2014,0.2,121
BH,2013,0,121
BH,2012,0,121
BH,2011,0,121
BH,2010,0,121
BH,2009,0,121
BH,2008,0,121
BH,2007,0,121
BH,2006,0.6,121
BH,2005,0,121
BH,2004,0,121
BH,2003,0.4,121
BH,2002,0,121
BH,2001,0,121
BH,2000,0,121
BH,2020,0,120
BH,2019,2.8,120
BH,2018,1,120
BH,2017,0,120
BH,2016,0.8,120
BH,2015,1.8,120
BH,2014,1.8,120
BH,2013,0.6,120
BH,2012,0.4,120
BH,2011,1.8,120
BH,2010,0,120
BH,2009,2.6,120
BH,2008,2,120
BH,2007,0,120
BH,2006,1.2,120
BH,2005,1.4,120
BH,2004,0,120
BH,2003,0.2,120
BH,2002,0.8,120
BH,2001,0.2,120
BH,2000,0.8,120
BH,2020,0,119
BH,2019,0.6,119
BH,2018,0,119
BH,2017,0.4,119
BH,2016,0,119
BH,2015,0,119
BH,2014,0.6,119
BH,2013,0,119
BH,2012,0,119
BH,2011,0.6,119
BH,2010,0,119
BH,2009,0,119
BH,2008,0.6,119
BH,2007,0,119
BH,2006,0.4,119
BH,2005,0,119
BH,2004,0,119
BH,2003,0,119
BH,2002,0,119
BH,2001,0,119
BH,2000,0,119
BH,2020,0,122
BH,2019,1.2,122
BH,2018,0,122
BH,2017,0,122
BH,2016,0,122
BH,2015,0,122
BH,2014,0.6,122
BH,2013,0.4,122
BH,2012,0.4,122
BH,2011,0,122
BH,2010,0.6,122
BH,2009,0.2,122
BH,2008,1,122
BH,2007,0,122
BH,2006,1.4,122
BH,2005,0,122
BH,2004,0.6,122
BH,2003,0.8,122
BH,2002,0,122
BH,2001,0.2,122
BH,2000,0.2,122
FC,2006,1,169
FC,2007,0,169
FC,2008,0,169
FC,2009,0,169
FC,2010,0.2,169
FC,2011,0.2,169
FC,2012,0,169
FC,2013,1.4,169
FC,2014,0.4,169
FC,2015,0.4,169
FC,2016,2,169
FC,2017,0,169
FC,2018,0.2,169
FC,2019,2.2,169
FC,2020,0.6,169
FC,2011,0.6,178
FC,2012,0,178
FC,2013,0.4,178
FC,2014,0.8,178
FC,2015,0.8,178
FC,2016,0.8,178
FC,2017,0,178
FC,2018,0,178
FC,2019,0.8,178
FC,2020,0,178
FC,2009,0,170
FC,2010,0,170
FC,2011,0,170
FC,2012,0,170
FC,2013,0,170
FC,2014,0,170
FC,2015,0.6,170
FC,2016,1.6,170
FC,2017,0,170
FC,2018,0.2,170
FC,2019,1.6,170
FC,2020,0,170
FC,2009,0.5,171
FC,2010,0.8,171
FC,2011,0.6,171
FC,2012,0.2,171
FC,2013,0.8,171
FC,2014,0.6,171
FC,2015,0.6,171
FC,2016,1,171
FC,2017,0.6,171
FC,2018,0,171
FC,2019,2.2,171
FC,2020,0.8,171
FC,2004,0.25,172
FC,2005,0,172
FC,2006,1.5,172
FC,2007,0,172
FC,2008,0.4,172
FC,2009,1,172
FC,2010,1,172
FC,2011,0,172
FC,2012,0,172
FC,2013,1.4,172
FC,2014,0,172
FC,2015,0.2,172
FC,2016,3.2,172
FC,2017,0,172
FC,2018,0,172
FC,2019,3,172
FC,2020,0,172
FC,2007,0,173
FC,2008,0,173
FC,2009,0,173
FC,2010,0,173
FC,2011,0.333333333,173
FC,2012,0,173
FC,2013,0.166666667,173
FC,2014,0,173
FC,2015,1.333333333,173
FC,2016,1.333333333,173
FC,2017,0,173
FC,2018,0.333333333,173
FC,2019,1.666666667,173
FC,2020,0,173
FC,2010,1,174
FC,2011,0.4,174
FC,2012,0.2,174
FC,2013,0.4,174
FC,2014,0,174
FC,2015,0.6,174
FC,2016,2.6,174
FC,2017,0,174
FC,2018,0.2,174
FC,2019,2,174
FC,2020,0,174
FC,2007,0,175
FC,2008,0,175
FC,2009,0,175
FC,2010,0.4,175
FC,2011,0.6,175
FC,2012,0,175
FC,2013,1.4,175
FC,2014,0,175
FC,2015,0.6,175
FC,2016,1.2,175
FC,2017,0,175
FC,2018,0.2,175
FC,2019,1.4,175
FC,2020,0,175
FC,2006,0.2,176
FC,2007,0.2,176
FC,2008,0.4,176
FC,2009,0,176
FC,2010,0.2,176
FC,2011,0.4,176
FC,2012,0,176
FC,2013,0,176
FC,2014,0.2,176
FC,2015,0.2,176
FC,2016,0.6,176
FC,2017,0,176
FC,2018,0,176
FC,2019,1.2,176
FC,2020,0,176
FC,2007,0.6,177
FC,2008,0,177
FC,2009,0,177
FC,2010,0,177
FC,2011,0.4,177
FC,2012,0,177
FC,2013,0.4,177
FC,2014,0,177
FC,2015,0,177
FC,2016,2,177
FC,2017,0,177
FC,2018,0,177
FC,2019,2.2,177
FC,2020,0,177
HM1,2003,0.333333333,51
HM1,2004,0.166666667,51
HM1,2005,1.333333333,51
HM1,2006,0.833333333,51
HM1,2007,0,51
HM1,2008,0.666666667,51
HM1,2009,0.833333333,51
HM1,2010,0.4,51
HM1,2011,1.166666667,51
HM1,2012,0.333333333,51
HM1,2013,0.5,51
HM1,2014,0.333333333,51
HM1,2015,1,51
HM1,2016,0.5,51
HM1,2017,0.333333333,51
HM1,2018,0.166666667,51
HM1,2004,0.2,138
HM1,2005,0,138
HM1,2006,1.2,138
HM1,2007,0,138
HM1,2008,0.666666667,138
HM1,2009,0.833333333,138
HM1,2010,0,138
HM1,2011,0.5,138
HM1,2012,0.333333333,138
HM1,2013,0,138
HM1,2014,0,138
HM1,2015,0.5,138
HM1,2016,0.166666667,138
HM1,2017,0.833333333,138
HM1,2018,0,138
HM1,2019,1.5,138
HM1,2020,0.4,138
HM1,2003,0.666666667,52
HM1,2004,0,52
HM1,2005,1.333333333,52
HM1,2006,0,52
HM1,2007,0,52
HM1,2008,0.666666667,52
HM1,2009,1.142857143,52
HM1,2010,0,52
HM1,2011,1.428571429,52
HM1,2012,0.142857143,52
HM1,2013,0.142857143,52
HM1,2014,0.714285714,52
HM1,2015,0.714285714,52
HM1,2016,0.428571429,52
HM1,2017,0.285714286,52
HM1,2018,0.142857143,52
HM1,2003,0,99
HM1,2004,0,99
HM1,2005,0.4,99
HM1,2006,1,99
HM1,2007,0,99
HM1,2008,0.166666667,99
HM1,2009,0.142857143,99
HM1,2010,0.285714286,99
HM1,2011,0.857142857,99
HM1,2012,0.142857143,99
HM1,2013,0.142857143,99
HM1,2014,0.428571429,99
HM1,2015,1,99
HM1,2016,0.142857143,99
HM1,2017,0.571428571,99
HM1,2018,0,99
HM1,2003,0.4,53
HM1,2004,0.2,53
HM1,2005,0.4,53
HM1,2006,0.8,53
HM1,2007,0,53
HM1,2008,0,53
HM1,2009,0,53
HM1,2010,0,53
HM1,2011,0.2,53
HM1,2012,1,53
HM1,2013,0,53
HM1,2014,0.4,53
HM1,2015,0,53
HM1,2016,0,53
HM1,2017,0.4,53
HM1,2018,0.2,53
HM1,2003,0,55
HM1,2004,0,55
HM1,2005,0.875,55
HM1,2006,0.857142857,55
HM1,2007,0,55
HM1,2008,0.333333333,55
HM1,2009,0,55
HM1,2010,0.25,55
HM1,2011,2,55
HM1,2012,0,55
HM1,2013,0,55
HM1,2014,0,55
HM1,2015,1.375,55
HM1,2016,2.25,55
HM1,2017,0,55
HM1,2018,0,55
HM1,2006,0.75,111
HM1,2007,1,111
HM1,2008,0.75,111
HM1,2009,0.5,111
HM1,2010,0,111
HM1,2011,0.75,111
HM1,2012,2.5,111
HM1,2013,0,111
HM1,2014,0.25,111
HM1,2015,1,111
HM1,2016,0,111
HM1,2017,0.25,111
HM1,2018,0,111
HM1,2019,0.75,111
HM1,2020,0,111
HM1,2003,0.6,112
HM1,2004,0.2,112
HM1,2005,1,112
HM1,2006,1.2,112
HM1,2007,0,112
HM1,2008,0.6,112
HM1,2009,0.2,112
HM1,2010,0,112
HM1,2011,1.2,112
HM1,2012,0,112
HM1,2013,0.8,112
HM1,2014,0.4,112
HM1,2015,0.8,112
HM1,2016,1.6,112
HM1,2017,0,112
HM1,2018,0,112
HM1,2019,2,112
HM1,2020,0.2,112
HM1,2006,0.4,136
HM1,2007,0,136
HM1,2008,0.8,136
HM1,2009,0.6,136
HM1,2010,0.2,136
HM1,2011,1.2,136
HM1,2012,1,136
HM1,2013,0.6,136
HM1,2014,1,136
HM1,2015,1.6,136
HM1,2016,1.4,136
HM1,2017,0.6,136
HM1,2018,1.4,136
HM1,2019,2.2,136
HM1,2020,0.4,136
HM1,2003,0.166666667,137
HM1,2004,0,137
HM1,2005,1.666666667,137
HM1,2006,0.714285714,137
HM1,2007,0.142857143,137
HM1,2008,1.142857143,137
HM1,2009,0.142857143,137
HM1,2010,0.428571429,137
HM1,2011,1.285714286,137
HM1,2012,0.571428571,137
HM1,2013,0.285714286,137
HM1,2014,1.428571429,137
HM1,2015,1.714285714,137
HM1,2016,0.857142857,137
HM1,2017,0.142857143,137
HM1,2018,0.428571429,137
HM1,2019,2.571428571,137
HM1,2020,0.142857143,137
HM1,2020,0,51
HM1,2019,2.4,51
HM1,2020,0,52
HM1,2019,3.2,52
HM1,2020,0,53
HM1,2019,2.8,53
HM1,2020,0,55
HM1,2019,3.1,55
HM1,2020,0,99
HM1,2019,2.3,99
HM6,2000,0,139
HM6,2001,0,139
HM6,2002,0,139
HM6,2003,0.25,139
HM6,2004,0,139
HM6,2005,0,139
HM6,2006,0.8,139
HM6,2007,0,139
HM6,2008,1,139
HM6,2009,0,139
HM6,2010,0.166666667,139
HM6,2011,0.666666667,139
HM6,2012,0.333333333,139
HM6,2013,0,139
HM6,2014,3,139
HM6,2015,0.5,139
HM6,2016,0,139
HM6,2017,0,139
HM6,2018,0.166666667,139
HM6,2019,3.333333333,139
HM6,2020,0.166666667,139
HM6,2000,0,158
HM6,2001,0,158
HM6,2002,0,158
HM6,2003,0,158
HM6,2004,0,158
HM6,2005,0.4,158
HM6,2006,2.6,158
HM6,2007,0,158
HM6,2008,0,158
HM6,2009,0,158
HM6,2010,0,158
HM6,2011,1.2,158
HM6,2012,0.4,158
HM6,2013,0,158
HM6,2014,1.6,158
HM6,2015,0.4,158
HM6,2016,0.4,158
HM6,2017,0,158
HM6,2018,0.8,158
HM6,2019,3.4,158
HM6,2020,0,158
HM6,2007,0,140
HM6,2008,0.2,140
HM6,2009,0.4,140
HM6,2010,0,140
HM6,2011,2.666666667,140
HM6,2012,0.166666667,140
HM6,2013,0,140
HM6,2014,2.833333333,140
HM6,2015,0.5,140
HM6,2016,0,140
HM6,2017,0,140
HM6,2018,0,140
HM6,2019,2.5,140
HM6,2020,0,140
HM6,1998,0,141
HM6,1999,1,141
HM6,2000,0.2,141
HM6,2001,0,141
HM6,2002,0,141
HM6,2003,0.8,141
HM6,2004,0.4,141
HM6,2005,1,141
HM6,2006,0.6,141
HM6,2007,0,141
HM6,2008,0,141
HM6,2009,0,141
HM6,2010,0,141
HM6,2011,0.8,141
HM6,2012,0.4,141
HM6,2013,0,141
HM6,2014,0.6,141
HM6,2015,1.2,141
HM6,2016,0.4,141
HM6,2017,0,141
HM6,2018,0,141
HM6,2019,1.6,141
HM6,2020,0,141
HM6,2002,0,152
HM6,2003,0,152
HM6,2004,0,152
HM6,2005,0.8,152
HM6,2006,1.2,152
HM6,2007,0,152
HM6,2008,0.6,152
HM6,2009,0.2,152
HM6,2010,0,152
HM6,2011,2,152
HM6,2012,0.4,152
HM6,2013,0,152
HM6,2014,2.2,152
HM6,2015,0.2,152
HM6,2016,0,152
HM6,2017,0,152
HM6,2018,0,152
HM6,2019,3.8,152
HM6,2020,0,152
HM6,2004,0,153
HM6,2005,0.4,153
HM6,2006,0,153
HM6,2007,0,153
HM6,2008,1.2,153
HM6,2009,1.2,153
HM6,2010,0,153
HM6,2011,0.6,153
HM6,2012,1.6,153
HM6,2013,0,153
HM6,2014,1.6,153
HM6,2015,1.4,153
HM6,2016,0,153
HM6,2017,0,153
HM6,2018,0,153
HM6,2019,2.6,153
HM6,2020,0,153
HM6,2000,0,154
HM6,2001,0,154
HM6,2002,0,154
HM6,2003,0,154
HM6,2004,0,154
HM6,2005,0,154
HM6,2006,0,154
HM6,2007,0,154
HM6,2008,1,154
HM6,2009,0,154
HM6,2010,0,154
HM6,2011,1,154
HM6,2012,0,154
HM6,2013,0,154
HM6,2014,1.2,154
HM6,2015,0,154
HM6,2016,0,154
HM6,2017,0,154
HM6,2018,0,154
HM6,2019,2.4,154
HM6,2020,0,154
HM6,2000,0,155
HM6,2001,0,155
HM6,2002,0,155
HM6,2003,0,155
HM6,2004,0,155
HM6,2005,1.5,155
HM6,2006,1.166666667,155
HM6,2007,0,155
HM6,2008,0.166666667,155
HM6,2009,1,155
HM6,2010,0,155
HM6,2011,1.333333333,155
HM6,2012,0,155
HM6,2013,0,155
HM6,2014,2.833333333,155
HM6,2015,0,155
HM6,2016,0,155
HM6,2017,0,155
HM6,2018,0,155
HM6,2019,3.666666667,155
HM6,2020,0,155
HM6,2003,0,156
HM6,2004,0,156
HM6,2005,0,156
HM6,2006,0,156
HM6,2007,0,156
HM6,2008,0,156
HM6,2009,0.2,156
HM6,2010,0,156
HM6,2011,0,156
HM6,2012,0.4,156
HM6,2013,0,156
HM6,2014,3.2,156
HM6,2015,0,156
HM6,2016,0,156
HM6,2017,0.4,156
HM6,2018,0,156
HM6,2019,4,156
HM6,2020,0,156
HM6,2003,0,157
HM6,2004,0,157
HM6,2005,0,157
HM6,2006,1,157
HM6,2007,0,157
HM6,2008,0.8,157
HM6,2009,0,157
HM6,2010,0,157
HM6,2011,0.6,157
HM6,2012,0.6,157
HM6,2013,0,157
HM6,2014,1.4,157
HM6,2015,1,157
HM6,2016,0.2,157
HM6,2017,0,157
HM6,2018,0,157
HM6,2019,2.6,157
HM6,2020,0,157
LH,2002,0,L116
LH,2003,0.666666667,L116
LH,2004,0.333333333,L116
LH,2005,0.8,L116
LH,2006,3,L116
LH,2007,0.4,L116
LH,2008,0,L116
LH,2009,2,L116
LH,2010,0.2,L116
LH,2011,1.4,L116
LH,2012,0,L116
LH,2013,0,L116
LH,2014,0.6,L116
LH,2015,1.6,L116
LH,2016,2,L116
LH,2017,0,L116
LH,2018,0,L116
LH,2019,2.2,L116
LH,2001,0,123
LH,2002,0,123
LH,2003,1,123
LH,2004,0,123
LH,2005,0,123
LH,2006,1.5,123
LH,2007,1.25,123
LH,2008,0,123
LH,2009,0.75,123
LH,2010,0.5,123
LH,2011,0,123
LH,2012,0,123
LH,2013,0,123
LH,2014,0.166666667,123
LH,2015,1.666666667,123
LH,2016,2,123
LH,2017,0,123
LH,2018,0,123
LH,2019,1.666666667,123
LH,2003,0,188
LH,2004,0,188
LH,2005,2,188
LH,2006,2.333333333,188
LH,2007,0,188
LH,2008,0,188
LH,2009,0.833333333,188
LH,2010,0.166666667,188
LH,2011,1.833333333,188
LH,2012,0,188
LH,2013,0.166666667,188
LH,2014,1,188
LH,2015,0,188
LH,2016,1,188
LH,2017,0,188
LH,2018,0,188
LH,2019,1.666666667,188
LH,2003,0,204
LH,2004,0,204
LH,2005,0.75,204
LH,2006,1.8,204
LH,2007,0.6,204
LH,2008,1,204
LH,2009,1.6,204
LH,2010,0.4,204
LH,2011,1.8,204
LH,2012,0.5,204
LH,2013,0,204
LH,2014,0.666666667,204
LH,2015,3.333333333,204
LH,2016,2.5,204
LH,2017,0.5,204
LH,2018,0,204
LH,2019,2.5,204
LH,2002,0,221
LH,2003,0,221
LH,2004,1.166666667,221
LH,2005,1.25,221
LH,2006,0.222222222,221
LH,2007,1.111111111,221
LH,2008,0.555555556,221
LH,2009,1.2,221
LH,2010,0.272727273,221
LH,2011,0.272727273,221
LH,2012,0.9,221
LH,2013,0.2,221
LH,2014,0.363636364,221
LH,2015,1.8,221
LH,2016,1.181818182,221
LH,2017,0.272727273,221
LH,2018,0.272727273,221
LH,2019,2.363636364,221
LH,2001,0,45
LH,2002,0.285714286,45
LH,2003,0.846153846,45
LH,2004,0,45
LH,2005,1.571428571,45
LH,2006,2.071428571,45
LH,2007,1.142857143,45
LH,2008,0.285714286,45
LH,2009,1.214285714,45
LH,2010,0.928571429,45
LH,2011,0.857142857,45
LH,2012,1.214285714,45
LH,2013,0.5,45
LH,2014,0.5,45
LH,2015,1.357142857,45
LH,2016,1.928571429,45
LH,2017,1.142857143,45
LH,2018,1.357142857,45
LH,2019,1.642857143,45
LH,2003,0,71
LH,2004,0,71
LH,2005,0,71
LH,2006,1.666666667,71
LH,2007,0,71
LH,2008,0,71
LH,2009,1.5,71
LH,2010,1.8,71
LH,2011,1.8,71
LH,2012,0,71
LH,2013,0,71
LH,2014,0,71
LH,2015,2.2,71
LH,2016,2.2,71
LH,2017,0,71
LH,2018,0,71
LH,2019,3.4,71
LH,2020,0,188
LH,2020,0,71
LH,2020,0,116
LH,2020,0,204
LH,2020,0,221
LH,2020,0,45
LH,2020,0,123
LH,2020,0,201
LH,2019,0.8,201
LH,2018,0,201
LH,2017,0,201
LH,2016,2.8,201
LH,2015,0.6,201
LH,2014,0,201
LH,2013,0,201
LH,2012,0,201
LH,2011,0.2,201
LH,2010,0,201
LH,2009,0,201
LH,2008,0,201
LH,2007,0,201
LH,2006,0.6,201
LH,2005,0,201
LH,2004,0,201
LH,2003,0.6,201
LH,2018,0,L73
LH,2017,0,L73
LH,2016,1.8,L73
LH,2015,2.2,L73
LH,2014,0,L73
LH,2013,0.2,L73
LH,2012,0,L73
LH,2011,0,L73
LH,2010,1,L73
LH,2009,0,L73
LH,2008,0,L73
LH,2007,0,L73
LH,2006,1.4,L73
LH,2005,1.2,L73
LH,2004,0,L73
LH,2003,0,L73
LH,2019,0.6,L73
LH,2020,0,L73
LH,2020,1,300
LH,2019,3,300
LH,2018,2.2,300
LH,2017,0.6,300
LH,2016,1.8,300
LH,2015,2.8,300
LH,2014,1.8,300
LH,2013,1,300
LH,2012,1,300
LH,2011,1.8,300
LH,2010,1,300
LH,2009,2.6,300
LH,2008,1,300
LH,2007,0.4,300
LH,2006,0.4,300
LH,2005,0.4,300
LH,2004,0,300
LH,2003,0,300
LH,2002,0.6,300
LH,2001,1,300
LH,2000,0,300
WT1,2008,0,147
WT1,2009,0,147
WT1,2010,0,147
WT1,2011,0,147
WT1,2012,0,147
WT1,2013,0,147
WT1,2014,1.8,147
WT1,2015,2,147
WT1,2016,0,147
WT1,2017,0.8,147
WT1,2018,0,147
WT1,2019,2.8,147
WT1,2020,0,147
WT1,2003,0.25,146
WT1,2004,0,146
WT1,2005,0,146
WT1,2006,0,146
WT1,2007,0,146
WT1,2008,0,146
WT1,2009,0.333333333,146
WT1,2010,0,146
WT1,2011,1,146
WT1,2012,0,146
WT1,2013,0,146
WT1,2014,0.5,146
WT1,2015,0.5,146
WT1,2016,0.166666667,146
WT1,2017,0,146
WT1,2018,0.5,146
WT1,2019,1.5,146
WT1,2020,0,146
WT1,2002,0,148
WT1,2003,0.25,148
WT1,2004,0,148
WT1,2005,0.6,148
WT1,2006,0.4,148
WT1,2007,0,148
WT1,2008,0,148
WT1,2009,1,148
WT1,2010,0,148
WT1,2011,0,148
WT1,2012,0,148
WT1,2013,0,148
WT1,2014,0,148
WT1,2015,0,148
WT1,2016,0,148
WT1,2017,0,148
WT1,2018,0,148
WT1,2019,3.6,148
WT1,2020,0,148
WT1,2001,0,143
WT1,2002,0,143
WT1,2003,1.2,143
WT1,2004,0,143
WT1,2005,0.6,143
WT1,2006,0.8,143
WT1,2007,0,143
WT1,2008,0.6,143
WT1,2009,0,143
WT1,2010,0,143
WT1,2011,0.2,143
WT1,2012,0.6,143
WT1,2013,0,143
WT1,2014,1.8,143
WT1,2015,1.8,143
WT1,2016,0,143
WT1,2017,1.8,143
WT1,2018,0,143
WT1,2019,2.6,143
WT1,2020,0,143
WT1,2003,0,144
WT1,2004,0,144
WT1,2005,0,144
WT1,2006,0.333333333,144
WT1,2007,0.666666667,144
WT1,2008,0,144
WT1,2009,0,144
WT1,2010,0,144
WT1,2011,0.333333333,144
WT1,2012,0.5,144
WT1,2013,0,144
WT1,2014,0,144
WT1,2015,0.833333333,144
WT1,2016,0,144
WT1,2017,0,144
WT1,2018,0,144
WT1,2019,2.666666667,144
WT1,2020,0,144
WT1,2005,0,73
WT1,2006,0.25,73
WT1,2007,0,73
WT1,2008,0,73
WT1,2009,0,73
WT1,2010,0,73
WT1,2011,0,73
WT1,2012,0.75,73
WT1,2013,0,73
WT1,2014,0.8,73
WT1,2015,0.6,73
WT1,2016,0,73
WT1,2017,0.4,73
WT1,2018,0,73
WT1,2003,3,75
WT1,2004,0.166666667,75
WT1,2005,0,75
WT1,2006,2.714285714,75
WT1,2007,0.428571429,75
WT1,2008,0.333333333,75
WT1,2009,1,75
WT1,2010,0.142857143,75
WT1,2011,0.142857143,75
WT1,2012,1.285714286,75
WT1,2013,0,75
WT1,2014,2.714285714,75
WT1,2015,1.428571429,75
WT1,2016,0,75
WT1,2017,0,75
WT1,2018,0,75
WT1,2003,0.4,76
WT1,2004,0.142857143,76
WT1,2005,0,76
WT1,2006,1.166666667,76
WT1,2007,0.714285714,76
WT1,2008,0,76
WT1,2009,0.428571429,76
WT1,2010,0.142857143,76
WT1,2011,0.285714286,76
WT1,2012,0.857142857,76
WT1,2013,0,76
WT1,2014,0.428571429,76
WT1,2015,1,76
WT1,2016,0,76
WT1,2017,0.285714286,76
WT1,2018,0,76
WT1,1998,0.25,142
WT1,1999,0,142
WT1,2000,1.2,142
WT1,2001,0,142
WT1,2002,0.8,142
WT1,2003,0.6,142
WT1,2004,0,142
WT1,2005,0.2,142
WT1,2006,1.4,142
WT1,2007,0,142
WT1,2008,0.6,142
WT1,2009,0,142
WT1,2010,0.4,142
WT1,2011,1,142
WT1,2012,0,142
WT1,2013,0,142
WT1,2014,1.8,142
WT1,2015,0.8,142
WT1,2016,0,142
WT1,2017,0,142
WT1,2018,0,142
WT1,2019,2.8,142
WT1,2020,0,142
WT1,2009,0,145
WT1,2010,0,145
WT1,2011,0,145
WT1,2012,0.2,145
WT1,2013,0,145
WT1,2014,1.8,145
WT1,2015,0,145
WT1,2016,0,145
WT1,2017,0.4,145
WT1,2018,0,145
WT1,2019,2.6,145
WT1,2020,0.2,145
WT1,2020,0,73
WT1,2019,0.6,73
WT1,2020,0,75
WT1,2019,0.4,75
WT1,2020,0,76
WT1,2019,2,76
WT2,2003,0.2,77
WT2,2004,0,77
WT2,2005,0,77
WT2,2006,1,77
WT2,2007,1,77
WT2,2008,0.5,77
WT2,2009,1.666666667,77
WT2,2010,0.2,77
WT2,2011,0,77
WT2,2012,0,77
WT2,2013,0,77
WT2,2014,0,77
WT2,2015,0,77
WT2,2016,0.833333333,77
WT2,2017,0.833333333,77
WT2,2018,0,77
WT2,2006,0.6,151
WT2,2007,1,151
WT2,2008,0,151
WT2,2009,1.4,151
WT2,2010,0.4,151
WT2,2011,0,151
WT2,2012,0,151
WT2,2013,0,151
WT2,2014,0,151
WT2,2015,0,151
WT2,2016,1,151
WT2,2017,0.4,151
WT2,2018,0,151
WT2,2019,1.6,151
WT2,2020,0,151
WT2,2003,0,78
WT2,2004,0,78
WT2,2005,0,78
WT2,2006,0.8,78
WT2,2007,0.2,78
WT2,2008,0.166666667,78
WT2,2009,2,78
WT2,2010,0,78
WT2,2011,0,78
WT2,2012,0,78
WT2,2013,0,78
WT2,2014,0,78
WT2,2015,0,78
WT2,2016,2,78
WT2,2017,0,78
WT2,2018,0,78
WT2,2003,0,79
WT2,2004,0,79
WT2,2005,0.428571429,79
WT2,2006,2.166666667,79
WT2,2007,0.333333333,79
WT2,2008,0.428571429,79
WT2,2009,2.5,79
WT2,2010,0,79
WT2,2011,0,79
WT2,2012,0,79
WT2,2013,0,79
WT2,2014,0,79
WT2,2015,0,79
WT2,2016,1.428571429,79
WT2,2017,1.285714286,79
WT2,2018,0,79
WT2,2003,0,80
WT2,2004,0,80
WT2,2005,0.25,80
WT2,2006,0.8,80
WT2,2007,0,80
WT2,2008,0.2,80
WT2,2009,1.2,80
WT2,2010,0,80
WT2,2011,0,80
WT2,2012,0,80
WT2,2013,0.2,80
WT2,2014,0,80
WT2,2015,0,80
WT2,2016,1.25,80
WT2,2017,0.5,80
WT2,2018,0,80
WT2,2003,0,81
WT2,2004,0,81
WT2,2005,0,81
WT2,2006,0.142857143,81
WT2,2007,0.285714286,81
WT2,2008,1.428571429,81
WT2,2009,0.571428571,81
WT2,2010,0,81
WT2,2011,0,81
WT2,2012,0,81
WT2,2013,0,81
WT2,2014,0,81
WT2,2015,0,81
WT2,2016,0,81
WT2,2017,1.285714286,81
WT2,2018,0,81
WT2,2003,0.333333333,82
WT2,2004,0,82
WT2,2005,0,82
WT2,2006,1.8,82
WT2,2007,0,82
WT2,2008,0,82
WT2,2009,0.5,82
WT2,2010,0,82
WT2,2011,0,82
WT2,2012,0,82
WT2,2013,0,82
WT2,2014,0,82
WT2,2015,0,82
WT2,2016,0.8,82
WT2,2017,1.4,82
WT2,2018,0,82
WT2,2003,0,83
WT2,2004,0,83
WT2,2005,0,83
WT2,2006,0,83
WT2,2007,0.333333333,83
WT2,2008,1.333333333,83
WT2,2009,0,83
WT2,2010,0,83
WT2,2011,0,83
WT2,2012,0,83
WT2,2013,0,83
WT2,2014,0,83
WT2,2015,0,83
WT2,2016,0,83
WT2,2017,0,83
WT2,2018,0,83
WT2,2009,0.2,149
WT2,2010,0,149
WT2,2011,0,149
WT2,2012,0,149
WT2,2013,0,149
WT2,2014,0.166666667,149
WT2,2015,0,149
WT2,2016,1.166666667,149
WT2,2017,0.166666667,149
WT2,2018,0,149
WT2,2019,1.666666667,149
WT2,2020,0,149
WT2,2005,0,150
WT2,2006,0,150
WT2,2007,0.2,150
WT2,2008,1.2,150
WT2,2009,0.8,150
WT2,2010,0,150
WT2,2011,0,150
WT2,2012,0,150
WT2,2013,0,150
WT2,2014,0,150
WT2,2015,0,150
WT2,2016,0,150
WT2,2017,0,150
WT2,2018,0,150
WT2,2019,1.2,150
WT2,2020,0,150
WT2,2019,0.6,77
WT2,2019,1,78
WT2,2019,1.4,79
WT2,2019,1.2,80
WT2,2019,0,81
WT2,2019,1,82
WT2,2019,1.4,83
WT2,2020,0,77
WT2,2020,0,78
WT2,2020,0,79
WT2,2020,0,80
WT2,2020,0,81
WT2,2020,0,82
WT2,2020,0,83
