Year,BD_159,BD_160,BD_161,BD_162,BD_163,BD_164,BD_165,BD_166,BD_167,BD_168,BH_113,BH_114,BH_115,BH_116,BH_117,BH_118,BH_119,BH_120,BH_121,BH_122,FC_169,FC_170,FC_171,FC_172,FC_173,FC_174,FC_175,FC_176,FC_177,FC_178,HM1_51,HM1_52,HM1_53,HM1_55,HM1_99,HM1_111,HM1_112,HM1_136,HM1_137,HM1_138,HM6_139,HM6_140,HM6_141,HM6_152,HM6_153,HM6_154,HM6_155,HM6_156,HM6_157,HM6_158,LH_45,LH_71,LH_L73,LH_L116,LH_123,LH_188,LH_201,LH_204,LH_221,LH_300,WT1_73,WT1_75,WT1_76,WT1_142,WT1_143,WT1_144,WT1_145,WT1_146,WT1_147,WT1_148,WT2_77,WT2_78,WT2_79,WT2_80,WT2_81,WT2_82,WT2_83,WT2_149,WT2_150,WT2_151
2020,0.315,0.58,1.064,0.711,0.963,0.788,0.594,0.128,0.533,0.584,0.367,0.375,0.801,0.337,0.158,0.316,0.516,0.362,0.485,0.57,3.314,2.617,3.624,1.719,2.908,1.503,3.198,1.125,2.563,0.721,0.826,3.687,0.371,0.479,0.735,0.19,0.546,0.207,0.042,0.358,1.867,1.148,0.33,1.3,1.526,0.817,1.242,0.157,0.547,0.477,0.904,1.414,0.56,1.316,1.899,2.264,0.935,1.442,2.008,1.3,1.111,0.15,0.678,0.122,0.02,0.081,0.261,0.749,0.902,0.077,0.162,0.465,0.306,0.523,0.225,0.686,0.643,0.094,0.473,0.219
2019,0.363,0.664,1.187,0.676,0.83,0.819,0.376,0.135,0.535,0.398,0.44,0.348,0.836,0.38,0.125,0.203,0.512,0.324,0.375,0.704,1.135,2.086,3,1.002,2.627,1.584,2.308,0.916,1.87,1.955,0.738,3.072,0.461,0.523,0.89,0.405,0.424,0.309,0.068,1.338,2.37,1.523,0.628,2.257,1.859,1.219,1.488,0.29,0.731,0.466,0.675,0.896,0.462,0.931,2.058,1.228,1.125,1.195,0.881,0.823,2.123,0.598,1.821,0.478,0.45,0.282,0.369,1.028,1.728,0.827,0.72,0.756,0.912,0.84,0.612,1.156,2.069,0.727,1.093,0.795
2018,0.378,0.66,1.529,0.559,0.679,0.776,0.376,0.093,0.451,0.425,0.583,0.378,1.032,0.568,0.25,0.389,0.641,0.365,0.371,0.862,3.802,3.437,6.432,1.577,2.637,2.031,4.423,1.339,2.985,2.866,2.238,3.576,1.762,1.256,0.709,0.254,0.419,0.585,0.129,0.459,1.547,1.271,0.297,0.936,0.292,0.761,0.525,0.171,0.691,0.374,1.002,1.501,0.57,1.983,2.185,3.126,1.621,1.754,1.534,1.391,0.691,0.105,0.958,0.191,0.281,0.053,0.69,1.623,0.897,0.323,0.032,0.27,0.276,0.256,0.106,0.437,0.9,0.201,0.393,0.187
2017,0.521,0.985,1.186,0.495,0.363,0.851,0.497,0.064,0.588,0.388,0.543,0.571,1.06,0.619,0.388,0.367,0.875,0.469,0.498,0.855,4.582,3.332,5.232,1.692,4.043,2.461,3.174,1.469,2.526,3.553,1.309,3.935,2.206,0.664,0.645,0.482,0.25,0.469,0.082,0.76,1.913,1.52,0.565,1.557,0.63,1.115,1.891,0.48,0.964,0.642,0.882,1.32,0.418,1.296,1.848,2.875,0.815,1.329,1.497,1.213,2.671,0.695,2.691,0.326,0.672,0.37,1.053,1.217,1.664,1.179,1.036,1.471,1.147,1.252,1.394,1.614,1.782,0.952,2.629,1.879
2016,0.484,0.697,1.12,0.55,0.332,0.7,0.577,0.081,0.524,0.408,0.419,0.341,0.793,0.284,0.092,0.173,0.488,0.225,0.499,0.567,4.639,3.29,3.304,1.598,3.086,2.21,2.721,1.897,1.6,3.026,2.245,3.205,1.326,0.559,0.793,0.91,0.979,0.555,0.086,1.055,2.132,0.96,0.516,1.26,1.099,0.862,1.977,0.297,1.063,0.493,0.664,1.153,0.333,1.082,1.27,2.452,0.719,0.795,0.888,0.939,2.668,0.706,2.241,0.471,0.772,0.438,4.191,0.64,1.632,1.037,0.938,1.483,1.299,1.142,1.485,1.395,1.601,0.866,1.832,1.062
2015,0.322,0.639,0.962,0.43,0.212,0.597,0.502,0.202,0.591,0.282,0.508,0.856,1.259,0.681,0.221,0.503,0.809,0.62,0.897,0.595,3.821,2.715,3.462,1.375,1.238,1.82,2.563,1.705,1.534,3.009,3.359,4.624,1.371,1.324,0.538,0.827,0.788,0.205,0.189,0.731,2.392,1.761,0.872,2.051,2.996,1.284,2.539,0.429,1.234,0.577,0.536,0.741,0.342,1.006,1.062,2.07,2.188,1.118,0.69,0.872,3.193,0.896,2.648,0.425,1.097,0.712,6.44,1.717,2.084,1.193,1.626,1.261,1.745,1.404,2.108,2.195,1.471,0.944,2.592,1.303
2014,0.355,0.422,0.863,0.522,0.207,0.351,0.302,0.321,0.475,0.116,0.389,0.254,0.549,0.279,0.101,0.22,0.483,0.198,0.574,0.311,4.482,4.139,5.95,1.994,3.113,2.178,2.773,1.267,3.35,5.766,4.562,4.627,1.964,1.824,0.398,0.466,0.19,0.157,0.311,0.517,1.245,1.159,0.448,1.293,2.243,0.856,0.98,0.289,0.988,0.534,0.831,1.329,0.44,1.57,2.648,2.516,2.992,1.702,2.084,1.093,2.946,0.807,1.671,0.189,1.153,0.408,3.312,1.003,2.181,0.721,0.672,0.81,1.331,1.069,1.287,1.41,1.255,0.574,0.804,0.55
2013,0.323,0.366,0.945,0.383,0.139,0.363,0.485,0.37,0.613,0.109,0.494,0.18,0.983,0.527,0.259,0.327,0.431,0.435,0.894,0.573,2.077,2.058,2.481,0.732,1.586,1.188,2.068,0.619,2.319,3.38,2.485,2.285,0.956,1.58,0.326,0.35,0.374,0.553,0.327,0.363,1.262,1.203,0.478,1.109,1.964,0.718,0.763,0.325,0.9,0.813,0.787,0.684,0.455,1.151,1.05,2.144,1.005,1.119,1.679,1.111,1.723,0.768,1.045,0,0.668,0.312,4.437,1.164,1.394,0.315,0.13,0.123,0.071,0.094,0.125,0.197,0.19,0.356,0.703,0.285
2012,0.131,0.128,0.241,0.221,0.26,0.183,0.121,0.428,0.335,0.503,0.294,0.226,0.634,0.262,0.123,0.202,0.328,0.294,0.934,0.31,2.762,2.467,1.82,0.901,1.581,1.107,3.858,0.761,1.132,3.833,5.078,3.008,1.764,0.941,0.572,0.564,0.275,0.474,0.118,0.41,1.379,1.499,0.492,1.659,2.747,1.052,0.946,0.223,1.247,1.127,0.683,0.436,0.275,0.73,1.783,1.936,0.699,0.774,0.86,0.676,3.569,1.279,1.826,0.666,0.835,0.631,1.861,0.935,1.648,1.394,0.566,0.497,0.534,0.569,0.305,1.059,0.592,0.065,0.264,1.228
2011,0.242,0.45,0.378,0.214,0.177,0.125,0.348,0.895,0.443,0.582,0.759,0.314,1.347,0.44,0.29,0.322,0.553,0.487,0.99,0.657,3.702,3.123,2.151,1.974,4.333,2.055,6.025,1.78,2.765,5.723,3.913,4.208,2.056,1.514,0.924,0.981,0.416,0.406,0.081,0.393,1.31,1.555,0.333,1.222,1.581,0.942,0.566,0.104,1.071,0.872,0.963,0.707,0.464,1.182,1.81,2.711,0.9,1.134,1.152,0.628,2.051,0.818,0.958,0.113,0.331,0.112,1.401,0.867,1.095,0.61,0,0.286,0.04,0.219,0.109,0.293,0.335,0.816,1.746,0.855
2010,0.272,0.49,0.59,0.16,0.324,0.177,0.269,0.957,0.618,0.549,0.595,0.262,1.191,0.394,0.192,0.335,0.909,0.431,0.518,0.524,3.566,2.815,3.567,1.547,2.94,2.659,4.423,1.138,3.707,5.986,3.545,4.602,0.95,0.857,1.459,1.585,0.564,0.619,0.083,0.756,1.607,2.687,0.843,2.355,1.847,1.161,1.087,0.4,2.262,1.256,0.947,1.299,0.595,2.402,2.184,1.647,1.302,1.803,2.693,1.229,3.577,1.752,2.078,0.526,1.497,0.788,1.129,1.556,2.253,1.584,1.052,1.738,1.41,1.084,1.188,1.855,1.863,0.658,1.773,0.865
2009,0.235,0.484,0.92,0.224,0.284,0.264,0.441,0.933,0.813,0.871,0.562,0.351,1.137,0.425,0.141,0.593,0.791,0.306,0.377,0.686,2.808,2.635,5.724,2.057,2.765,3.886,5.724,0.815,1.988,4.88,7.245,5.293,0.39,1.123,1.748,1.779,0.827,0.743,0.131,0.399,2.261,2.216,0.826,3.091,1.405,1.646,1.609,0.61,2.261,1.278,0.625,0.706,0.503,0.888,1.401,1.116,0.498,1.064,0.521,0.601,4.492,1.493,3.016,0.811,1.153,1.053,1.204,0.9,2.269,1.852,1.111,0.96,0.65,1.437,1.064,0.96,1.265,0.602,1.812,3.887
2008,0.17,0.214,0.516,0.224,0.271,0.154,0.421,0.677,0.515,0.534,0.51,0.33,0.959,0.406,0.161,0.36,0.73,0.29,0.285,0.396,3.013,2.435,7.045,1.798,2.925,3.242,3.513,1.534,1.257,2.823,4.593,3.739,0.182,0.594,0.714,0.944,0.221,0.344,0.361,0.114,1.076,1.486,0.385,1.118,0.907,0.846,0.627,0.159,0.664,0.504,0.428,0.681,0.336,0.917,1.467,0.993,0.581,0.714,0.953,0.701,3.811,1.16,2.18,0.512,0.793,0.696,1.593,1.752,2.344,1.073,0.866,1.232,1.448,1.674,0.783,1.986,1.311,0.351,3.688,0.137
2007,0.229,0.572,0.766,0.179,0.162,0.236,0.361,0.793,0.64,0.728,0.482,0.405,1.126,0.622,0.21,0.515,0.545,0.311,0.347,0.428,2.579,2.097,6.732,1.556,2.569,2.258,4.024,3.187,1.346,4.427,2.101,6.174,0.144,2.261,0.973,1.605,1.422,0.704,0.138,0.674,1.563,2.112,0.6,2.688,1.016,2.429,0.717,0.629,0.711,1.264,0.998,1.102,0.588,1.781,1.461,1.574,0.826,1.483,1.154,1.262,4.573,2.458,3.557,1.135,1.754,1.816,1.638,2.031,3.998,2.49,2.597,2.665,3.685,3.443,3.061,3.885,4.269,2.156,0.536,0.178
2006,0.116,0.458,0.439,0.064,0.223,0.04,0.054,0.746,0.504,0.163,0.425,0.169,0.566,0.282,0.06,0.37,0.542,0.359,0.389,0.524,1.611,2.079,4.875,0.552,1.701,0.827,2.756,2.025,0.993,2.698,1.285,4.554,0.237,1.471,0.249,0.695,0.484,1.225,0.063,0.202,2.073,0.969,0.187,1.086,1.284,0.784,0.365,0.129,0.2,0.47,0.143,0.084,0.219,0.456,0.844,0.453,0.287,0.294,1.019,0.385,1.925,0.454,1.165,0.336,0.803,0.339,1.169,1.798,2.255,1.169,0.38,0.147,0.765,0.225,0.495,0.881,0.871,0.314,0.377,1.123
2005,0.116,0.503,0.467,0.252,0.331,0.149,0.216,0.919,0.599,0.553,0.673,0.384,1.227,0.504,0.177,0.441,0.601,0.343,0.678,0.443,2.97,3.34,2.261,1.954,2.074,2.785,4.716,2.72,1.98,4.126,1.899,4.429,0.482,1.142,0.884,0.799,0.454,0.821,0.239,0.397,1.19,0.915,0.224,0.658,0.64,0.722,0.691,0.248,0.255,0.408,0.479,1.078,0.485,1.447,2.083,1.322,1.177,1.18,1.798,0.539,2.549,0.497,1.14,0.62,1.046,0.838,2.328,0.273,2.541,0.924,1.125,0.571,2.154,0.296,1.072,1.672,2.028,1.221,1.859,1.684
2004,0.381,0.672,0.52,0.065,0.582,0.265,0.188,1.037,0.664,0.904,0.867,0.324,1.65,0.542,0.195,0.69,0.858,0.432,0.619,0.715,3.293,2.657,4.046,1.719,2.412,2.518,5.066,3.041,1.252,3.563,1.486,4.847,0.758,2.583,0.865,1.174,0.487,2.295,0.417,0.478,0.876,1.069,0.392,1.043,1.047,0.684,1.18,0.224,0.521,0.547,1.049,1.747,0.638,2.585,3.688,2.677,1.816,1.289,1.543,0.89,2.516,0.597,1.576,0.888,0.701,0.788,1.239,0.706,2.133,0.959,1.416,1.767,2.137,1.346,1.95,2.483,3.097,1.843,2.394,1.511
2003,0.233,0.168,0.153,0.101,0.252,0.173,0.273,0.708,0.653,0.494,0.628,0.272,0.783,0.453,0.084,0.329,0.957,0.285,0.357,0.473,2.537,2.573,5.624,2.019,2.109,2.582,5.413,3.893,2.677,3.779,1.66,4.692,1.246,4.439,0.846,1.526,1.512,2.681,0.144,0.136,0.78,0.715,0.337,0.55,1.016,0.452,0.9,0.131,0.34,0.649,0.957,1.06,0.648,1.223,1.706,1.865,1.437,0.965,0.688,0.515,1.853,0.383,1.174,0.449,0.715,0.541,0.452,1.155,1.457,0.708,0.688,2.065,1.686,1.287,1.872,1.737,2.239,1.572,1.685,1.134
2002,0.092,0.598,0.495,0.026,0.634,0.134,0.076,0.418,0.155,0.494,0.913,0.322,0.916,0.314,0.015,0.461,0.481,0.416,0.696,0.395,2.366,2.938,5.546,1.506,1.793,1.558,4.009,2.425,2.54,3.619,0.329,1.156,0.45,0.565,0.211,0.361,0,0.53,0.035,0,0.489,0.452,0.701,0.239,0.099,0.107,0.348,0.074,0,0.245,0.443,0.476,0.251,0.585,0.852,0.981,0.339,0.604,0.824,0.366,0.851,0.02,0.02,0,0,0.061,0.314,1.741,0.61,0,0.081,0.04,0.122,1.448,0.024,0.043,0.301,0,0.149,0.021
2001,0.285,0.278,0.365,0.182,0.525,0.096,0.306,0.55,0.532,0.531,0.903,0.319,0.967,0.705,0.19,0.372,0.593,0.337,0.715,0.6,2.817,3.665,9.35,3.124,2.817,2.855,6.102,1.677,3.979,5.33,1.129,3.752,0.392,1.47,1.06,1.962,1.521,1.145,1.123,4.118,1.084,2.309,0.792,1.321,2.353,1.139,2.131,0.543,0.762,1.175,0.693,0.606,0.565,0.62,0.93,1.148,0.914,0.833,1.001,0.448,2.305,0.585,0.796,0.308,0.475,0.643,5.311,1.41,1.665,0.534,1.441,1.661,1.715,1.493,1.695,2.027,2.446,0.929,2.86,1.199
2000,0.218,0.558,0.628,0.157,0.775,0.088,0.317,0.72,0.356,0.558,0.608,0.366,0.99,0.508,0.275,0.444,0.689,0.342,0.829,0.5,2.738,2.949,5.024,1.63,1.824,1.628,5.467,0.711,3.598,4.98,1.261,4.338,1.233,4.363,0.713,2.364,1.296,1.697,1.536,3.065,1.42,2.456,0.71,1.808,4.441,1.509,2.736,0.639,0.843,1.686,0.671,1.093,0.386,0.979,1.699,1.278,1.181,1.397,3.005,0.535,3.667,1.432,0.827,0.673,1.471,1.06,5.005,1.69,3.321,1.882,1.344,1.501,1.834,1.464,2.505,2.387,2.352,1.551,3.449,1.647
1999,0.228,0.698,0.817,0.13,0.519,0.187,0.311,0.706,0.753,0.63,0.526,0.305,1.582,0.629,0.084,0.556,0.736,0.448,0.717,0.559,4.58,4.001,,1.895,3.671,3.136,7.068,0.457,5.945,6.234,2.378,6.642,2.011,1.509,1.037,2.901,2.278,1.624,1.873,3.04,1.212,2.9,0.801,1.829,3.395,1.314,2.238,0.473,0.813,1.311,1.245,1.987,0.795,2.216,3.564,2.692,1.888,1.918,2.569,0.892,3.657,1.092,1.716,0.884,1.862,1.185,1.931,2.001,3.898,1.589,2.778,1.954,1.77,0.625,3.684,3.656,3.38,2.051,5.911,1.154
1998,0.31,0.861,1.008,0.043,0.933,0.231,0.305,0.618,0.705,0.578,0.371,0.386,0.976,0.433,0.332,0.257,0.804,0.268,0.468,0.375,4.535,4.404,,3.338,3.303,3.394,8.976,0.816,4.635,6.532,3.585,6.351,1.415,0.353,0.848,1.682,1.724,1.513,2.184,2.082,1.416,2.469,0.586,1.198,1.909,1.004,1.679,0.406,0.75,0.805,1.551,2.144,0.821,1.631,4.046,3.102,2.537,2.975,2.241,1.033,3.302,0.849,2.01,0.653,0.965,0.849,1.105,1.705,2.392,1.169,1.816,2.673,1.574,1.55,2.243,3.105,3.703,1.674,5.214,0.957
1997,0.489,0.502,0.925,0.12,0.85,0.162,0.372,0.83,0.675,0.669,0.44,0.557,0.833,0.611,0.208,0.343,0.456,0.278,0.584,0.569,4.263,3.553,,3.949,3.136,4.006,7.537,1.401,3.567,5.093,3.386,3.935,2.56,2.158,0.583,1.257,0.591,2.235,1.971,1.538,1.339,1.76,0.707,1.703,2.343,1.34,2.056,0.395,0.872,0.78,1.141,1.498,0.836,1.527,3.361,1.758,2.195,3.481,2.098,1.571,2.088,0.605,2.025,0.703,1.331,1.101,3.186,0.886,3.166,1.086,1.927,2.597,2.105,1.939,2.414,3.159,3.562,1.445,3.399,1.055
1996,0.141,0.809,0.64,0.072,0.634,0.1,0.315,1.065,0.662,0.75,0.697,0.454,0.6,0.684,0.48,0.38,0.696,0.325,0.538,0.496,5.546,3.35,,2.574,2.962,3.624,7.988,4.476,5.519,6.737,2.215,2.734,2.32,2.546,0.623,1.166,0.655,2.052,0.969,1.143,1.477,2.961,0.856,2.406,4.152,1.703,2.36,0.606,1.438,1.399,1.598,1.544,0.894,2.083,3.051,3.43,1.737,4.128,2.192,1.845,3.296,1.044,1.697,1.219,1.446,1.508,2.325,1.167,3.153,1.281,2.328,1.79,2.489,2.28,2.355,4.557,3.988,2.134,4.38,2.364
1995,0.269,0.977,0.605,0.087,0.555,0.06,0.266,0.697,0.644,0.518,0.761,0.364,0.616,0.823,0.255,0.47,0.805,0.499,0.988,0.608,4.151,2.847,,2.557,3.29,2.93,6.659,2.942,4.09,6.044,1.699,5.176,2.57,3.685,0.996,1.048,1.368,1.709,1.669,1.331,1.988,3.123,0.967,2.639,3.098,2.539,2.206,0.537,1.221,1.266,1.627,1.477,0.858,2.668,2.874,2.796,2.575,2.426,2.957,1.732,2.095,1.204,2.278,1.23,2.139,1.327,1.15,0.876,2.756,1.122,2.919,2.493,3.219,3.152,3.117,4.679,5.259,3.036,6.327,1.225
1994,0.227,0.82,0.764,0.12,0.609,0.097,0.288,0.823,0.563,0.52,0.754,0.494,0.579,0.727,0.301,0.328,0.81,0.501,0.716,0.506,3.69,2.78,,2.825,2.355,3.102,5.078,3.83,2.217,5.352,1.055,3.315,2.097,0.581,0.786,1.053,0.778,2.481,1.737,1.009,1.709,2.208,0.58,2.367,3.277,1.855,1.404,0.422,1.198,1.081,1.237,1.596,1.016,3.638,3.816,4.587,1.566,2.196,2.904,1.521,1.627,0.793,1.36,0.481,1.397,0.772,1.788,1.202,2.179,0.865,1.03,3.286,2.671,3.148,2.615,3.155,3.244,1.765,5.056,1.18
1993,0.278,1.069,0.794,0.107,0.476,0.092,0.243,0.931,0.68,0.413,0.778,0.353,0.701,0.413,0.22,0.352,0.669,0.376,0.915,0.592,4.947,4.985,,4.535,4.466,4.134,8.391,3.831,3.723,7.76,1.391,2.762,1.74,3.034,0.631,0.975,0.994,2.562,1.958,,1.627,1.713,0.525,1.715,3.308,1.863,1.748,0.486,1.155,1.031,0.867,1.207,0.849,4.3,2.891,3.58,1.406,1.828,1.989,1.273,2.85,0.949,0.922,0.926,1.176,1.117,2.254,1.631,1.929,1.124,1.167,1.877,2.436,2.724,1.92,2.149,2.78,1.495,3.53,1.43
1992,0.256,0.87,0.682,0.117,0.508,0.117,0.204,0.836,0.522,0.709,0.807,0.275,1.101,0.501,0.326,0.513,0.571,0.612,0.757,0.686,6.308,5.118,,4.098,3.734,5.448,7.534,5.438,4.7,8.346,1.712,4.168,2.794,2.301,0.938,1.867,1.168,2.975,1.771,,1.758,1.946,0.699,1.998,2.657,2.211,2.245,0.475,0.929,1.625,0.691,0.887,0.63,3.722,3.094,2.393,1.359,0.935,1.746,1.388,3.213,1.734,2.579,1.193,2.163,1.653,2.068,1.804,3.093,1.256,1.334,1.452,2.937,2.303,2.08,2.219,2.91,1.583,4.473,0.899
1991,0.187,0.83,0.546,0.12,0.412,0.125,0.217,0.778,0.467,0.548,0.746,0.354,0.94,0.455,0.362,0.437,0.698,0.453,0.7,0.616,5.923,3.776,,4.166,5.056,5.805,8.199,4.59,6.297,6.162,3.403,5.376,2.649,3.839,1.094,2.327,2.061,2.142,2.914,,1.691,1.889,0.753,1.882,2.634,1.948,2.211,0.463,1.001,1.808,0.52,1.359,0.729,1.84,3.241,2.954,1.895,0.803,1.782,0.868,3.513,1.549,2.007,1.061,1.94,1.112,0.98,2.876,2.217,0.787,0.546,1.252,1.984,2.428,1.709,1.965,2.017,0.697,3.654,1.011
1990,0.107,0.333,0.466,0.221,0.229,0.144,0.164,0.576,0.472,0.368,0.805,0.28,0.733,0.431,0.429,0.522,0.588,0.402,0.824,0.476,5.236,5.92,,3.714,4.834,4.803,7.597,4.265,6.173,5.856,3.052,5.599,2.122,3.953,0.611,1.631,2.2,2.448,2.608,,1.358,1.01,0.382,0.809,1.497,1.174,1.187,0.146,0.757,1.549,1.04,1.18,0.679,3,3.55,2.809,2.585,1.086,1.383,1.121,2.339,0.884,1.794,0.622,1.534,0.615,0.864,2.832,1.669,0.476,1.035,0.086,2.009,2.166,2.136,2.398,2.458,1.167,3.009,0.572
1989,0.279,0.342,0.524,0.147,0.408,0.152,0.159,0.455,0.271,0.382,0.704,0.376,0.737,0.491,0.368,0.434,0.495,0.498,0.936,0.512,0.862,1.028,,0.853,3.729,0.668,6.034,3.643,4.287,1.35,1.38,4.553,2.456,0.942,0.791,2.277,1.872,2.468,1.628,,1.227,1.292,0.501,1.275,2.448,1.125,1.387,0.355,0.702,2.151,0.767,0.799,0.65,2.623,2.813,2.425,2,0.957,1.479,0.935,2.734,1.466,1.662,0.728,1.692,0.895,2.279,2.585,1.291,0.395,0.83,0.362,1.189,1.372,1.807,1.954,1.946,0.7,1.738,1.956
1988,0.546,0.502,0.809,0.1,0.535,0.169,0.111,0.338,0.261,0.317,0.795,0.299,0.825,0.508,0.308,0.443,0.337,0.461,0.692,0.675,3.533,3.465,,2.377,3.736,2.781,5.914,3.862,1.918,3.211,4.395,7.098,3.832,1.574,1,3.304,3.137,1.769,2.157,,1.633,1.646,0.662,1.529,3.237,2.318,1.624,0.417,1.046,2.314,0.663,0.917,0.498,2.08,3.09,2.753,2.897,0.702,1.407,0.615,3.93,2.824,2.693,1.34,2.308,1.328,2.23,2.032,3.367,0.643,1.84,1.015,2.4,2.456,3.708,3.75,3.56,1.895,4.028,2.21
1987,0.406,1.087,0.802,0.086,0.758,0.181,0.283,0.701,0.499,0.482,0.924,0.416,1.482,0.774,0.366,0.684,0.528,0.524,0.968,0.656,3.821,3.026,,2.695,4.333,3.719,7.133,5.745,2.731,4.461,3.802,6.069,2.08,1.216,0.736,2.471,2.403,2.35,2.188,,1.527,1.191,0.829,1.594,2.634,1.917,1.608,0.332,1.089,2.007,1.011,1.047,0.761,5.691,3.684,3.088,3.552,0.773,1.288,0.687,2.154,1.86,1.865,1.011,2.651,1.168,2.62,2.586,2.194,0.694,1.826,2.191,3.477,2.836,3.101,3.727,3.8,1.607,4.05,1.213
1986,0.43,0.938,0.744,0.132,0.443,0.158,0.35,0.942,0.588,0.519,0.83,0.311,1.122,0.722,0.527,0.626,0.764,0.409,0.797,0.471,3.9,3.847,,3.414,6.197,4.676,8.571,7.656,4.294,5.13,3.782,6.853,2.921,3.532,0.88,2.228,1.979,1.658,2.153,,2.163,1.793,0.695,1.501,3.263,1.627,1.959,0.219,0.833,2.046,1,1.21,0.507,5.9,3.059,4.252,1.877,1.003,1.618,0.456,3.753,2.701,2.039,1.235,4.216,1.283,3.561,2.642,3.256,0.708,1.313,1.658,2.534,1.727,2.492,3.416,2.957,1.023,2.823,1.642
1985,0.427,0.851,0.798,0.19,0.396,0.13,0.201,0.842,0.448,0.392,0.917,0.357,1.421,0.856,0.541,0.671,0.446,0.49,0.854,0.591,4.53,4.94,,4.201,4.589,5.429,8.293,7.148,4.436,7.887,3.004,3.139,3.172,2.501,0.691,2.618,2.365,2.902,3.04,,1.569,1.463,0.486,1.345,1.68,1.148,1.611,0.349,0.739,1.747,1.073,0.978,0.493,3.692,3.638,3.101,2.685,0.618,0.721,0.622,2.805,2.327,2.124,1.014,3.676,0.837,3.279,1.924,2.885,0.424,1.641,1.169,2.926,2.131,1.899,3.747,3.149,1.085,3.549,0.751
1984,0.246,0.397,0.576,0.308,0.64,0.125,0.177,0.91,0.554,0.362,0.782,0.219,1.195,0.508,0.412,0.591,0.601,0.416,0.921,0.434,3.63,3.895,,3.588,4.536,4.621,7.083,6.076,4.371,5.244,3.412,2.704,2.019,1.541,0.631,2.478,1.636,2.562,1.691,,1.527,0.904,0.38,0.907,1.689,1.012,1.324,0.307,0.493,1.674,0.371,0.572,0.319,1.398,2.353,1.212,1.593,0.442,1.317,0.519,2.385,2.247,1.767,1.105,2.108,0.703,3.003,1.735,2.885,0.397,0.89,1.652,1.696,0.936,1.085,2.445,1.719,0.502,1.639,1.735
1983,0.404,0.271,0.485,0.067,0.583,0.118,0.247,0.586,0.462,0.262,0.973,0.309,1.572,0.788,0.56,0.995,0.425,0.486,0.727,0.552,4.475,3.357,,3.928,,4.15,8.155,7.917,6.038,6.719,2.718,2.286,2.918,2.62,0.648,2.218,1.421,1.515,1.359,,1.92,1.345,0.571,1.251,2.692,2.718,2.473,0.455,0.885,3.014,0.516,0.872,0.419,3.68,2.677,1.469,1.783,0.672,1.633,0.338,1.884,2.588,2.231,0.794,2.36,0.723,3.745,0.977,3.146,0.643,1.463,1.029,2.8,3.13,2.584,4.527,3.789,0.826,2.838,0.651
1982,0.348,1.388,0.572,0.041,0.616,0.11,0.192,0.83,0.459,0.398,0.747,0.323,1.344,0.824,0.661,0.676,0.688,0.481,0.602,0.513,4.238,6.833,,5.333,,5.251,7.786,6.604,5.056,7.684,3.273,,1.96,2.682,0.615,2.517,1.028,2.039,1.535,,2.215,1.494,0.691,1.347,1.931,2.085,2.404,0.352,0.616,2.29,0.163,0.709,0.215,1.149,2.749,2.667,0.815,0.279,1.277,0.228,2.281,2.05,1.827,0.8,2.59,0.713,4.141,1.156,2.99,0.81,1.889,2.143,3.067,4.404,2.54,5.001,4.254,2.04,3.098,1.793
1981,0.481,0.839,0.449,0.175,0.352,0.38,0.289,0.988,0.57,0.555,0.555,0.198,1.415,0.837,0.342,0.681,0.622,0.416,0.465,0.574,5.865,5.944,,4.48,,4.485,6.994,6.352,5.175,6.735,2.774,,1.244,2.222,0.522,2.318,1.049,1.423,0.911,,1.814,1.455,0.54,1.555,3.105,1.57,2.497,0.317,0.737,2.516,0.294,0.602,0.197,1.918,3.396,1.738,1.735,0.352,1.093,0.418,1.334,2.315,1.635,0.607,1.563,0.645,2.775,1.334,2.245,0.594,1.124,1.847,2.142,2.136,2.182,3.081,3.019,1.257,1.331,0.908
1980,0.278,0.927,0.782,0.223,0.347,0.04,0.089,0.428,0.295,0.249,0.347,0.182,0.719,0.397,0.271,0.453,0.572,0.209,0.305,0.274,4.772,6.753,,4.573,,5.118,,6.52,3.912,7.677,1.991,,2.238,1.606,0.635,1.923,1.69,1.129,0.812,,0.871,0.797,0.487,0.948,1.612,1.071,1.374,0.3,0.527,1.442,0.561,0.601,0.365,2.318,1.493,2.707,2.71,0.388,1.037,0.508,1.405,1.602,1.577,0.55,1.403,0.451,,2.823,1.253,0.849,1.319,0.738,1.937,1.919,1.868,2.752,2.112,0.971,1.5,1.249
1979,0.128,0.497,0.611,0.179,0.243,0.128,0.183,0.787,0.567,0.54,0.55,0.138,0.84,0.561,0.164,0.463,0.372,0.403,0.426,0.389,3.967,5.738,,3.867,,2.976,,6.392,8.466,6.715,2.518,,1.975,4.265,0.428,1.393,1.932,1.428,0.726,,1.384,0.928,0.536,0.96,2.536,1.484,1.205,0.281,0.659,1.913,0.392,0.913,0.345,3.39,3.267,2.153,2.61,0.492,0.479,0.66,1.694,2.098,1.742,0.542,1.206,0.616,,2.557,1.586,0.777,1.084,1.136,2.259,2.291,1.247,2.177,2.555,1.067,0.944,1.477
1978,0.176,0.452,0.327,0.301,0.322,0.308,0.108,0.532,0.31,0.274,0.524,0.186,1.048,0.714,0.278,0.565,0.448,0.248,0.465,0.458,4.568,7.569,,4.584,,4.491,,6.163,2.614,,1.321,,1.958,4.714,0.499,1.138,1.571,2.455,0.678,,1.415,1.012,0.61,1.145,2.536,1.31,1.225,0.292,0.838,1.856,0.313,0.577,0.386,2.952,2.291,2.185,3.076,0.341,0.618,0.389,1.555,1.708,0.872,0.247,1.549,0.511,,2.212,1.591,0.484,0.846,1.238,1.318,1.59,1.108,1.771,1.627,1.136,1.204,0.846
1977,0.654,0.449,0.286,0.27,0.392,0.254,0.079,0.691,0.28,0.259,1.01,0.245,1.131,0.775,0.216,0.77,0.499,0.514,0.428,0.67,4.05,7.178,,3.228,,4.377,,4.393,,,1.254,,2.368,3.287,0.327,1.287,1.573,1.623,0.94,,1.561,1.109,0.472,1.998,2.841,1.806,2.074,0.494,1.088,2.32,0.261,0.336,0.217,3.424,2.311,2.03,1.286,0.253,1.665,0.197,2.374,2.072,2.113,0.705,1.833,1.092,,2.239,3.02,0.881,1.565,0.99,3.14,3.311,2.61,3.189,3.337,2.013,1.872,2.288
1976,0.246,0.423,0.706,0.155,0.602,0.296,0.153,1.174,0.391,0.414,0.888,0.313,1.306,0.836,0.268,0.604,0.491,0.408,0.378,0.624,2.533,7.692,,2.988,,3.381,,3.912,,,1.406,,2.484,3.765,0.458,2.138,2.378,2.886,1.036,,1.56,0.901,0.442,1.559,2.982,1.714,2.009,0.716,1.161,1.914,0.487,0.658,0.383,0.613,2.885,1.126,1.538,0.427,1.869,0.508,2.04,1.823,1.837,0.413,1.495,0.734,,1.648,2.382,0.976,0.902,1.176,1.255,1.763,0.709,2.114,2.015,1.21,1.063,1.458
1975,0.232,0.265,0.41,0.162,0.515,0.246,0.309,0.897,0.669,0.669,1.057,0.482,1.589,0.728,0.102,0.891,0.735,0.378,0.469,0.659,3.382,,,2.886,,2.723,,4.875,,,2.097,,3.121,2.971,0.945,2.415,2.243,1.56,0.671,,1.692,0.984,0.962,1.87,3.045,1.976,1.996,0.543,1.154,3.563,0.723,1.48,0.567,1.155,,3.069,2.132,0.777,1.328,0.871,2.093,1.92,1.983,0.478,1.603,0.713,,1.865,2.333,1.033,0.8,0.561,1.425,1.575,1.081,2.255,1.864,1.341,1.763,1.76
1974,0.289,0.637,0.572,0.29,0.473,0.156,0.229,0.584,0.542,0.448,1.047,0.298,1.53,0.756,0.224,0.661,0.767,0.391,0.325,0.524,3.302,,,3.399,,2.358,,4.415,,,1.653,,2.373,3.072,1.955,3.067,1.832,3.104,0.636,,1.963,1.304,0.776,1.652,3.088,1.459,2.164,1.015,1.432,3.642,0.512,0.84,0.414,2.238,,1.593,3.785,0.911,1.372,0.549,1.855,1.379,1.876,0.289,1.351,0.312,,2.394,2.169,0.787,0.243,0.523,0.983,0.689,2.111,1.156,0.997,0.686,0.827,0.548
1973,0.248,1.551,0.511,0.209,0.409,0.145,0.078,0.448,0.385,0.453,0.826,0.352,1.005,0.573,0.202,0.742,0.584,0.321,0.338,0.434,3.49,,,3.182,,2.556,,4.441,,,2.385,,1.831,2.165,1.403,2.335,1.659,2.063,0.907,,1.804,1.149,0.559,1.312,2.293,1.913,1.661,1.097,1.309,1.994,0.532,1.039,0.291,3.745,,3.408,2.839,1.085,1.757,0.635,1.606,1.43,1.672,0.604,1.825,0.565,,2.393,2.378,0.658,0.759,0.644,1.925,1.311,1.218,1.277,0.983,0.803,1.226,0.971
1972,0.383,2.145,0.44,0.112,0.467,0.322,0.14,0.611,0.567,0.515,0.84,0.45,1.264,0.609,0.219,0.648,0.517,0.31,0.369,0.452,3.534,,,4.359,,2.12,,4.018,,,2.484,,1.676,2.192,1.049,2.91,1.967,2.445,1.144,,1.673,1.084,0.391,1.253,2.216,1.67,2.087,0.575,0.966,2.748,0.653,1.198,0.682,2.821,,5.507,3.067,1.638,1.603,1.096,2.195,1.796,1.5,0.351,1.251,0.294,,3.294,2.346,0.673,0.892,0.711,2.442,1.623,2.21,3.488,2.047,1.407,3.382,1.388
1971,0.419,2.588,0.607,0.213,0.642,0.137,0.215,0.303,0.578,0.365,0.465,0.218,1.245,0.689,0.186,0.295,0.607,0.306,0.2,0.206,4.158,,,2.096,,3.561,,4.754,,,2.315,,1.864,1.778,0.834,2.046,2.062,2.347,0.786,,1.629,1.219,0.475,1.186,2.855,1.476,1.943,0.835,1.085,1.999,0.814,0.888,0.389,1.926,,4.44,4.193,1.346,0.854,0.97,2.72,2.926,2.033,0.91,2.324,0.734,,2.321,3.364,1.508,1.586,1.6,2.684,3.304,3.62,4.922,3.348,2.205,,2.116
1970,0.365,2.832,0.517,0.366,0.568,0.205,0.29,0.822,0.816,0.549,1.071,0.379,0.965,1.115,0.142,0.697,0.459,0.402,0.313,0.349,4.472,,,0.586,,3.09,,5.744,,,2.423,,0.959,3.069,2.142,1.877,2.757,2.125,0.977,,2.464,1.533,0.61,1.879,3.801,1.906,2.356,0.801,1.424,2.536,0.496,0.931,0.407,3.154,,2.306,3.959,0.915,1.877,0.743,2.881,2.964,2.099,0.919,2.68,0.92,,2.704,3.231,1.281,1.528,1.872,1.833,2.776,,4.846,3.436,1.983,,2.342
1969,0.256,1.739,0.546,0.469,0.496,0.225,0.323,1.022,0.866,0.604,1.271,0.312,1.846,1.565,0.226,0.911,0.417,0.552,0.486,0.539,6.121,,,1.002,,2.354,,5.578,,,2.484,,1.096,1.712,2.173,1.684,2.747,2.564,1.382,,2.98,2.57,0.932,3.851,5.306,2.71,3.794,0.693,1.441,3.485,0.516,0.917,0.444,2.803,,3.298,2.876,1.411,2.54,0.94,3.828,3.24,2.61,1.314,3.6,1.085,,1.797,4.617,2.192,1.647,2.019,2.362,3.215,,5,3.344,2.198,,2.441
1968,0.166,1.201,0.6,0.531,0.518,0.314,0.197,0.891,0.623,0.46,0.767,0.28,1.858,1.131,0.558,0.714,0.67,0.4,0.441,0.424,,,,1.079,,2.319,,3.741,,,1.839,,0.998,1.81,0.869,1.367,2.191,1.893,0.559,,1.999,1.695,0.643,2.14,,1.574,1.83,1.263,0.924,2.107,0.372,0.59,0.423,3.502,,2.353,3.325,1.304,0.786,1.155,2.354,1.838,2.307,0.757,2.828,0.696,,1.676,2.974,1.328,1.715,2.551,2.938,4.548,,5.081,3.974,2.422,,2.46
1967,0.435,0.731,0.309,0.419,0.231,0.496,0.255,1.251,0.538,0.491,1.187,0.382,1.959,1.372,0.305,0.798,0.394,0.447,0.471,0.517,,,,0.912,,0.506,,2.105,,,1.969,,0.81,1.486,0.914,2.146,2.652,2.075,0.763,,2.449,1.837,0.72,2.874,,2.712,2.313,0.547,0.825,2.251,0.212,0.478,0.441,4.495,,1.479,2.292,0.722,0.783,0.669,2.009,2.231,2.1,0.524,4.202,0.796,,1.078,3.317,1.56,1.173,1.927,2.175,3.003,,3.377,3.411,1.464,,1.573
1966,0.296,1.633,0.527,0.305,0.483,0.52,0.216,0.91,0.47,0.212,1.226,0.24,1.664,1.114,0.348,0.781,0.717,0.292,0.561,0.386,,,,1.397,,1.652,,0.993,,,1.627,,1.259,1.648,0.735,2.008,2.847,1.497,0.917,,1.32,1.448,0.426,1.735,,1.49,1.958,0.6,0.488,1.022,0.205,0.204,0.322,2.43,,1.526,1.543,0.611,1.943,0.587,1.575,1.392,1.502,0.304,2.198,0.266,,0.339,2.589,0.609,1.007,1.1,1.815,2.16,,2.828,3.064,1.25,,0.975
1965,0.403,0.716,0.372,0.502,0.256,0.526,0.4,1.669,1.012,0.545,1.022,0.155,2.225,1.142,0.288,0.684,0.678,0.225,0.454,0.399,,,,,,1.032,,0.936,,,1.485,,0.942,3.734,0.764,2.299,2.835,2.122,0.793,,1.524,1.097,0.773,1.931,,2.505,2.489,0.489,0.867,0.455,0.624,0.642,0.746,1.111,,2.328,0.983,1.829,1.672,1.157,2.317,1.488,1.826,0.441,2.861,0.862,,1.378,2.907,1.305,2.213,1.86,2.951,5.231,,4.109,4.416,2.792,,2.157
1964,0.513,0.677,0.38,0.4,0.356,0.314,0.407,0.809,0.613,0.434,0.728,0.328,2.178,1.207,0.314,0.464,0.557,0.307,0.466,0.351,,,,,,0.638,,0.554,,,1.369,,,2.361,0.253,1.379,2.018,2.547,0.927,,0.907,0.858,0.694,1.616,,1.762,1.595,0.842,0.812,0.423,0.426,0.433,0.356,1.413,,1.786,2.986,0.954,0.892,0.666,1.582,0.79,1.604,0.654,2.137,0.804,,1.206,1.9,1.313,1.156,1.048,1.741,1.74,,2.952,0.78,1.574,,1.345
1963,0.503,1.786,0.411,0.387,0.437,0.621,0.486,1.06,0.643,0.366,0.88,0.198,1.735,1.033,0.306,0.542,0.584,0.312,0.324,0.359,,,,,,,,0.92,,,0.695,,,1.602,0.099,1.571,0.77,2.116,0.364,,0.612,0.294,0.785,0.886,,0.53,0.774,0.993,0.362,0.502,0.425,0.201,0.322,2.718,,1.097,0.156,0.94,2.198,0.656,1.351,0.209,0.774,0.018,0.633,0.129,,1.185,0.975,0.386,0.213,0.324,0.594,0.627,,1.188,1.823,0.56,,0.319
1962,0.435,1.676,0.493,0.578,0.53,0.496,0.572,2.094,0.897,0.636,1.066,0.239,1.02,1.262,0.183,0.613,0.706,0.283,0.205,0.308,,,,,,,,1.675,,,1.918,,,1.599,0.889,3.273,2.158,2.151,1.269,,1.227,1.015,0.713,2.313,,2.376,2.855,0.714,0.73,1.767,0.977,1.242,0.626,1.342,,2.009,1.303,1.979,2.592,1.671,2.245,1.101,1.757,0.715,1.791,0.623,,1.191,3.522,1.719,2.038,2.082,2.66,0.638,,3.388,2.434,1.49,,1.206
1961,0.494,1.412,0.64,0.461,0.874,0.354,0.492,1.572,0.896,0.541,0.993,0.185,1.37,1.576,0.277,0.653,0.801,0.245,0.283,0.4,,,,,,,,1.455,,,2.532,,,3.921,1.245,4.006,2.853,2.442,1.753,,1.66,1.251,0.701,2.137,,2.605,2.76,0.501,0.562,2.76,1.057,1.609,0.501,1.329,,2.287,1.417,2.096,1.789,1.681,2.026,0.885,2.227,0.637,2.357,1.016,,1.622,3.134,1.932,3.106,2.11,3.559,4.922,,4.916,0.466,2.965,,2.99
1960,0.548,1.327,0.465,0.483,0.585,0.608,0.479,1.288,0.719,0.364,0.922,0.253,,1.413,0.369,0.525,0.826,0.225,0.29,0.276,,,,,,,,1.759,,,2.465,,,2.156,1.338,3.017,2.233,2.09,1.186,,1.363,1.206,0.517,1.194,,1.496,2.517,0.417,0.597,2.35,1.039,1.207,0.667,2.267,,1.472,1.45,1.065,1.709,1.568,1.536,0.828,2.365,0.525,1.535,0.842,,1.919,2.397,1.073,1.884,0.952,2.513,6.905,,3.389,3.308,1.82,,2.032
1959,0.253,1.972,0.564,0.189,0.892,0.491,0.301,0.931,0.475,0.33,0.866,0.231,,1.312,0.155,0.331,0.656,0.24,0.242,0.321,,,,,,,,,,,2.164,,,0.581,0.73,2.401,2.092,2.487,1.358,,1.09,1.033,0.465,1.165,,1.724,3.344,0.685,0.628,2.835,0.651,0.871,0.583,4.298,,1.081,1.695,0.603,2.3,1.134,0.939,0.909,2.269,0.481,1.013,0.517,,2.036,2.035,1.038,1.63,1.001,2.125,,,2.494,4.221,0.986,,1.607
1958,0.302,2.546,0.462,0.515,0.727,0.45,0.376,1.824,0.83,0.593,1.221,0.27,,1.186,0.2,0.515,0.498,0.363,0.237,0.246,,,,,,,,,,,2.547,,,2.038,1.672,2.918,2.81,2.027,1.591,,1.378,1.257,0.818,2.032,,2.326,3.312,0.576,0.797,2.23,0.647,0.847,0.607,3.229,,0.833,1.506,0.912,1.589,0.938,1.68,1.229,2.258,0.498,1.409,0.741,,2.918,2.531,1.017,2.261,1.064,3.332,,,3.03,2.977,1.685,,1.613
1957,0.395,1.449,0.337,0.266,0.619,0.228,0.259,1.757,0.471,0.292,1.174,0.247,,1.027,0.145,0.523,0.666,0.183,0.198,0.273,,,,,,,,,,,3.568,,,1.9,2.496,3.237,2.527,1.774,0.973,,1.333,1.53,0.653,1.427,,2.726,3.993,0.556,0.926,1.264,0.441,0.592,0.648,2.267,,1.264,1.995,0.61,2.625,0.917,1.862,0.987,2.162,0.382,1.424,0.833,,1.7,2.83,0.445,2.649,0.74,2.857,,,2.76,2.041,1.175,,1.311
1956,0.072,1.351,0.577,0.517,0.939,0.563,0.298,1.619,0.448,0.451,1.126,0.208,,1.056,0.085,0.317,0.836,0.23,0.211,0.302,,,,,,,,,,,1.718,,,3.563,1.455,2.34,2.429,1.584,1.153,,1.19,1.216,0.324,0.853,,1.189,2.694,0.515,0.681,1.621,0.357,0.504,0.777,2.325,,1.474,2.691,0.65,1.157,1.015,1.546,1.332,2.533,0.41,1.277,0.685,,3.073,2.773,0.832,1.731,0.718,2.486,,,2.815,2.366,1.464,,1.185
1955,0.475,0.396,0.506,0.38,0.234,0.302,0.335,1.408,0.646,0.4,1.307,0.292,,1.401,0.153,0.673,0.561,0.228,0.257,0.363,,,,,,,,,,,0.789,,,0.403,1.173,2.725,2.208,2.684,1.29,,1.344,1.135,0.827,0.888,,1.195,2.766,0.427,0.804,1.89,0.321,0.315,0.481,1.435,,0.716,1.575,0.358,0.907,0.578,1.327,1.244,3.021,0.701,1.47,0.794,,1.683,2.499,0.748,1.478,0.226,2.007,,,2.368,2.35,0.471,,0.59
1954,0.607,1.309,0.51,0.46,0.645,0.388,0.131,0.752,0.273,0.088,0.963,0.166,,1.467,0.282,0.55,0.838,0.131,0.166,0.117,,,,,,,,,,,1.05,,,1.261,0.557,1.952,1.889,1.704,0.446,,1.476,0.827,0.785,0.699,,0.778,2.016,0.43,0.722,1.62,0.231,0.121,0.226,0.408,,0.518,1.102,0.172,3.214,0.356,1.232,1.168,1.867,0.274,0.831,0.384,,2.75,1.468,0.362,0.481,0.097,0.611,,,1.018,1.756,0.743,,0.845
1953,0.492,2.562,0.64,0.43,0.44,0.414,0.64,1.056,0.522,0.428,1.628,0.331,,1.808,0.067,0.745,0.473,0.334,0.2,0.365,,,,,,,,,,,0.794,,,0.713,3.734,4.003,2.624,2.659,1.364,,1.575,1.731,0.782,1.132,,1.265,2.453,0.184,0.604,1.957,0.393,0.883,0.751,1.05,,1.727,0.726,0.873,3.072,0.292,2.387,2.972,3.077,0.773,1.831,0.986,,2.217,1.972,1.128,0.359,0.977,1.936,,,2.546,0.942,0.448,,0.534
1952,0.701,2.894,0.522,0.434,0.571,0.562,0.811,0.992,0.8,0.416,1.693,0.295,,1.285,0.198,0.701,0.864,0.29,0.344,0.203,,,,,,,,,,,0.353,,,1.896,0.414,2.845,0.836,3.236,0.929,,0.605,1.036,0.637,0.832,,0.683,1.042,0.612,0.73,1.158,1.091,1.498,0.918,0.485,,2.289,0.426,1.596,3.388,0.844,1.459,1.949,2.669,0.427,1.083,0.688,,2.893,2.211,1.229,1.373,1.064,2.572,,,3.419,1.164,0.275,,0.512
1951,0.973,2.713,0.607,0.651,0.398,0.375,0.728,1.231,0.94,0.607,1.513,0.273,,0.811,0.242,0.593,0.576,0.169,0.312,0.213,,,,,,,,,,,1.795,,,,1.339,3.127,0.565,,0.462,,0.495,1.054,0.771,0.844,,1.035,1.507,0.361,0.666,1.664,0.677,0.922,0.98,0.398,,2.238,1.147,1.232,1.447,1.018,1.608,3.201,2.647,0.794,1.922,0.748,,3.271,1.922,0.942,2.629,0.996,3.413,,,0.704,1.194,0.971,,1.265
1950,0.857,1.997,0.564,0.571,0.472,0.494,0.497,0.857,1.238,0.59,2.023,0.297,,1.034,0.127,0.872,0.748,0.246,0.377,0.29,,,,,,,,,,,1.415,,,,0.891,3.142,0.45,,0.581,,0.348,0.833,0.753,1.111,,0.894,1.331,0.427,0.634,1.125,0.824,1.031,0.759,1.742,,1.148,1.305,1.372,2.608,0.982,0.93,2.274,1.542,0.453,1.618,0.358,,3.863,1.106,0.309,0.609,0.125,1.676,,,3.021,0.58,1.609,,2.381
1949,0.668,3.023,0.667,0.6,0.464,0.703,1.176,,,0.523,1.96,,,1.053,0.165,1.029,0.679,0.352,0.281,0.249,,,,,,,,,,,1.126,,,,2.043,3.268,1.999,,1.37,,0.337,0.997,1.061,1.097,,0.877,1.757,0.472,0.949,1.68,1.079,,1.05,2.492,,3.029,1.983,2.001,3.929,1.318,1.917,2.378,2.406,0.969,2.191,1.138,,3.441,1.632,1.307,2.171,1.556,4.133,,,0.759,1.839,0.552,,0.788
1948,0.519,3.276,0.38,0.63,0.506,0.472,0.928,,,0.55,1.472,,,1.023,0.246,1.153,1.135,0.348,0.233,0.198,,,,,,,,,,,1.416,,,,1.736,5.459,1.206,,1.168,,0.375,0.632,0.715,0.736,,1.097,1.571,0.669,0.731,1.708,0.849,,0.648,4.275,,2.357,0.899,1.423,5.125,1.389,3.083,3.451,3.344,1.065,2.523,0.927,,3.384,1.717,1.826,1.693,2.605,5.1,,,4.233,2.68,1.326,,1.613
1947,0.639,2.609,0.465,0.674,0.43,0.688,0.853,,,0.611,1.527,,,1.007,0.112,1.177,0.681,0.316,0.329,0.304,,,,,,,,,,,2.446,,,,1.487,4.753,3.104,,1.536,,0.98,1.269,1.198,1.637,,1.608,1.947,0.723,0.858,2.442,1.155,,1.223,1.876,,2.955,1.256,2.022,0.895,1.327,4.047,3.941,,1.001,2.457,1.131,,2.443,1.954,2.472,4.285,3.884,7.371,,,5.516,0.679,0.919,,0.734
1946,0.665,3.445,0.382,0.396,0.668,0.731,0.416,,,0.391,2.083,,,1.004,0.258,1.051,0.871,0.393,0.307,0.276,,,,,,,,,,,2.746,,,,2.015,3.958,2.479,,1.158,,0.525,0.841,1.191,1.4,,0.901,0.275,1.085,0.885,1.524,0.633,,0.868,2.21,,0.715,1.46,0.829,4.785,1.655,2.794,1.84,,1.388,2.495,1.106,,1.694,1.635,1.546,7.786,1.761,1.199,,,10.632,2.046,,,2.279
1945,0.471,3.753,0.444,0.425,0.452,0.755,0.592,,,0.508,2.41,,,0.737,0.251,1.056,1.11,0.552,0.328,0.296,,,,,,,,,,,3.617,,,,1.336,3.094,3.409,,1.191,,0.82,1.349,2.041,1.973,,1.636,1.1,1.248,1.488,1.921,0.627,,1.27,1.639,,2.798,1.712,1.372,2.914,0.928,3.097,3.309,,1.344,3.111,1.041,,2.98,1.971,2.177,10.016,2.225,4.357,,,6.989,0.838,,,
1944,0.751,3.089,0.718,0.508,0.49,0.516,0.664,,,0.379,2.065,,,0.815,0.252,1.055,1.107,0.378,0.186,0.252,,,,,,,,,,,2.284,,,,1.305,2.975,3.805,,1.425,,1.073,1.175,1.512,1.817,,1.73,2.254,1.647,1.359,2.021,0.965,,0.911,2.212,,2.218,0.476,1.121,,1.494,3.096,1.63,,1.234,1.853,0.959,,2.726,1.852,2.174,6.781,1.526,5.329,,,,1.032,,,
1943,0.684,3.435,0.65,0.799,0.567,0.383,0.445,,,0.463,1.952,,,1.127,0.107,1.088,0.71,0.29,0.262,0.256,,,,,,,,,,,2.328,,,,1.398,4.171,3.043,,1.463,,1.593,1.649,1.678,2.661,,1.981,2.366,1.162,1.696,2.64,0.78,,1.013,0.54,,3.362,1.07,1.848,,1.43,2.206,1.247,,1.043,1.955,0.931,,1.529,2.154,1.547,6.136,1.667,3.525,,,,4.173,,,
1942,0.465,2.062,0.345,0.499,0.585,0.511,0.627,,,0.376,2.427,,,1.017,0.138,1.276,0.86,0.254,0.439,0.397,,,,,,,,,,,2.724,,,,0.33,5.519,1.868,,2.614,,1.183,1.46,1.212,2.709,,3.032,3.398,2.144,1.712,2.383,0.818,,1.294,1.666,,3.445,0.98,1.457,,1.267,3.102,2.934,,1.567,2.068,1.031,,1.949,2.023,2.04,3.139,1.817,4.116,,,,6.924,,,
1941,0.583,1.511,0.325,0.575,0.419,0.911,0.608,,,0.404,2.631,,,0.686,0.151,1.173,0.745,0.245,0.45,0.242,,,,,,,,,,,3.695,,,,1.336,5.472,4.27,,1.902,,1.137,1.743,1.357,1.822,,2.63,3.121,1.752,1.424,2.781,0.806,,1.01,1.52,,2.001,2.679,1.16,,1.336,3.248,2.893,,1.242,1.673,1.182,,2.554,1.713,2.204,2.852,1.06,3.847,,,,,,,
1940,0.656,2.168,0.59,0.429,0.44,0.668,0.269,,,0.281,2.796,,,1.087,0.176,1.634,0.692,0.288,0.502,0.424,,,,,,,,,,,3.604,,,,1.984,,6.412,,0.893,,0.958,1.411,1.064,1.849,,2.241,3.757,1.605,1.4,2.278,0.403,,0.765,3.851,,1.854,1.951,0.715,,1.564,2.186,2.024,,0.839,1.42,1.284,,2.584,0.863,1.174,2.612,1.204,4.4,,,,,,,
1939,0.593,2.95,0.494,0.307,0.563,0.62,0.537,,,0.144,2.078,,,1.034,0.117,0.962,0.718,0.137,0.32,0.24,,,,,,,,,,,4.627,,,,2.469,,5.573,,1.451,,1.144,1.072,0.798,1.133,,2.095,2.977,1.568,0.498,1.474,0.743,,1.121,2.292,,2.42,1.491,1.515,,0.708,2.533,2.544,,0.87,1.431,0.891,,1.984,1.668,1.445,2.463,1.314,2.399,,,,,,,
1938,0.469,1.201,0.643,0.92,0.393,0.478,0.681,,,0.44,2.873,,,1.305,0.119,1.075,0.584,0.319,0.333,0.282,,,,,,,,,,,3.177,,,,0.769,,,,1.835,,1.984,0.906,0.754,1.314,,2.584,2.491,0.741,1.413,2.055,0.911,,0.901,2.058,,2.48,0.85,0.942,,1.389,4.184,3.957,,1.282,2.582,1.654,,2.266,3.039,2.602,0.829,0.516,2.661,,,,,,,
1937,0.323,2.33,1.177,0.644,0.417,0.357,0.162,,,0.195,3.236,,,0.714,0.198,1.273,0.863,0.353,0.386,0.222,,,,,,,,,,,2.486,,,,2.74,,,,1.257,,0.805,1.074,0.62,1.357,,1.606,3.373,1.172,0.923,0.982,0.674,,0.79,1.151,,2.888,1.2,0.677,,1.383,3.383,3.248,,0.78,1.634,0.96,,2.499,2.783,1.904,0.971,0.238,1.934,,,,,,,
1936,0.554,2.389,1.623,0.706,0.313,0.937,0.439,,,0.273,2.975,,,0.732,0.154,1.076,1.098,0.404,0.289,0.253,,,,,,,,,,,,,,,1.509,,,,1.108,,0.946,1.676,1.125,1.598,,1.952,2.309,1.05,1.114,1.041,0.724,,0.595,1.378,,,1.129,0.601,,0.776,3.08,3.068,,0.643,1.765,1.132,,1.813,3.016,1.218,1.647,0.281,1.652,,,,,,,
1935,0.497,3.483,1.903,0.901,0.465,0.549,0.54,,,0.136,1.744,,,0.537,0.446,0.965,0.905,0.229,0.252,0.247,,,,,,,,,,,,,,,1.138,,,,0.893,,0.784,1.407,1.224,1.426,,2.006,1.81,1.281,1.246,0.544,0.401,,0.411,2.08,,,0.809,0.181,,0.774,2.848,3.133,,0.91,2.413,1.354,,1.283,2.376,1.822,0.741,0.443,0.337,,,,,,,
1934,0.614,2.846,1.264,0.719,0.261,0.612,0.579,,,0.253,1.685,,,1.129,0.06,0.995,0.613,0.296,0.301,0.163,,,,,,,,,,,,,,,1.179,,,,1.524,,,1.964,0.843,1.057,,2.001,2.907,1.233,0.991,0.74,0.251,,0.553,1.797,,,1.531,0.64,,0.305,2.728,2.331,,0.337,1.964,0.5,,2.695,1.586,1.518,0.481,0.491,1.333,,,,,,,
1933,0.949,3.293,1.195,0.593,0.282,0.785,0.826,,,0.35,1.96,,,1.043,0.114,1.593,0.593,0.334,0.289,0.16,,,,,,,,,,,,,,,0.6,,,,1.854,,,1.142,0.988,1.548,,1.593,2.206,0.799,1.004,0.382,0.146,,0.518,1.379,,,0.291,0.45,,0.573,1.894,2.723,,0.753,1.767,0.954,,2.042,2.096,2.173,0.912,2.206,1.707,,,,,,,
1932,1.182,3.663,1.581,0.638,0.773,0.728,0.531,,,0.152,1.645,,,1.325,0.384,2.075,0.853,0.352,0.319,0.239,,,,,,,,,,,,,,,1.076,,,,0.422,,,1.237,0.928,1.239,,1.383,2.991,1.244,0.652,0.641,0.373,,0.517,0.615,,,0.168,0.291,,0.285,0.602,2.817,,0.357,1.279,0.622,,2.906,1.692,0.938,0.862,2.221,1.707,,,,,,,
1931,0.89,4.17,1.496,0.52,0.86,0.584,0.76,,,0.298,1.903,,,1.151,0.154,1.944,0.868,0.276,0.282,0.19,,,,,,,,,,,,,,,1.782,,,,2.185,,,1.848,1.204,1.822,,1.887,1.535,0.803,1.161,0.95,0.537,,0.609,1.288,,,0.18,0.919,,0.264,1.24,2.273,,0.703,1.806,1.172,,,2.411,2.632,1.652,1.772,2.172,,,,,,,
1930,1.211,4.47,1.76,0.491,0.751,0.56,1.263,,,0.353,1.609,,,1.454,0.128,2.003,0.771,0.159,0.166,0.075,,,,,,,,,,,,,,,1.156,,,,2.799,,,2.329,1.982,2.116,,1.736,3.006,1.341,1.135,0.79,0.628,,0.46,0.965,,,0.391,0.926,,0.469,0.866,1.377,,0.564,1.454,0.591,,,2.2,2.37,1.184,3.596,2.597,,,,,,,
1929,1.019,4.719,2.243,1.162,1.035,0.642,1.261,,,0.241,1.472,,,1.255,0.22,1.577,0.81,0.269,0.197,0.233,,,,,,,,,,,,,,,1.043,,,,2.419,,,1.832,1.484,1.975,,1.339,2.727,1.681,0.968,1.03,0.354,,0.647,0.897,,,0.218,0.9,,1.11,1.47,3.322,,0.727,1.15,0.679,,,1.607,2.878,4.544,1.593,4.726,,,,,,,
1928,1.184,5.323,1.764,1.101,0.931,0.485,1.048,,,0.273,2.327,,,1.25,0.162,1.749,0.78,0.14,0.22,0.071,,,,,,,,,,,,,,,1.352,,,,3.272,,,1.454,1.68,2.065,,2.158,3.444,1.51,1.126,1.38,0.434,,0.627,2.051,,,3.265,0.978,,0.971,1.133,2.437,,1.403,2.108,1.49,,,4.194,3.59,9.486,2.117,5.867,,,,,,,
1927,0.773,5.23,1.423,1.38,0.987,1,1.118,,,0.212,2.213,,,1.454,0.188,1.466,0.804,0.112,0.143,0.149,,,,,,,,,,,,,,,1.426,,,,4.431,,,1.083,1.65,1.915,,2.351,4.676,1.957,1.761,1.303,0.547,,0.646,0.437,,,4,0.83,,0.864,3.18,3.076,,0.487,1.971,0.753,,,4.963,2.591,7.709,2.647,7.823,,,,,,,
1926,1.289,3.581,1.919,1.045,0.437,1.162,0.89,,,0.393,2.502,,,1.609,0.158,1.575,0.828,0.163,0.21,0.137,,,,,,,,,,,,,,,1.765,,,,4.592,,,1.211,1.645,1.564,,2.347,4.965,2.312,1.326,1.614,0.062,,0.633,1.461,,,4.148,0.847,,0.782,,1.999,,1.461,2.51,1.409,,,5.728,3.815,,1.798,,,,,,,,
1925,1.439,5.44,1.861,0.845,0.913,1.418,0.356,,,0.168,1.254,,,1.553,0.125,1.416,0.908,0.168,0.249,0.093,,,,,,,,,,,,,,,1.314,,,,4.092,,,0.545,0.91,1.385,,1.139,5.456,2.157,1.03,0.505,0.85,,0.286,1.703,,,,0.37,,1.092,,1.777,,0.522,1.373,0.563,,,1.775,1.07,,1.069,,,,,,,,
1924,1.281,5.465,1.81,0.799,1.333,0.856,0.914,,,0.248,1.805,,,2.236,0.164,1.47,0.815,0.153,0.145,0.118,,,,,,,,,,,,,,,1.192,,,,4.758,,,0.543,1.285,1.501,,0.893,2.793,1.357,1.506,0.565,1.016,,1.044,0.323,,,,1.984,,0.182,,1.184,,1.27,1.587,1.058,,,4.46,2.27,,3.086,,,,,,,,
1923,1.768,5.766,2.002,0.83,1.179,0.946,0.945,,,0.416,1.831,,,4.378,0.217,1.554,0.778,0.308,0.224,0.155,,,,,,,,,,,,,,,,,,,4.593,,,0.616,1.256,1.741,,2.927,4.835,1.636,1.31,1.785,0.827,,0.981,1.499,,,,1.508,,0.842,,2.332,,0.947,1.858,1.298,,,3,1.821,,1.475,,,,,,,,
1922,1.22,5.225,1.312,0.768,1.209,0.917,0.561,,,0.31,1.539,,,4.672,0.247,3.007,0.924,0.198,0.241,0.144,,,,,,,,,,,,,,,,,,,4.919,,,0.565,1.265,2.255,,2.707,,1.235,1.424,1.963,0.977,,0.6,1.044,,,,1.166,,0.6,,3.686,,0.899,1.965,1.198,,,3.448,2.53,,1.628,,,,,,,,
1921,1.049,5.708,1.721,0.742,0.712,0.984,0.792,,,0.393,2.059,,,3.603,0.168,2.924,1.056,0.2,0.276,0.115,,,,,,,,,,,,,,,,,,,6.931,,,0.605,1.133,2.053,,3.752,,1.827,1.701,,0.607,,0.885,0.253,,,,1.163,,0.792,,4.827,,1.087,2.799,1.584,,,,4.069,,1.01,,,,,,,,
1920,1.858,5.712,2.728,1.083,0.888,0.955,0.469,,,0.179,2.112,,,,0.098,2.519,1.055,0.092,0.181,0.161,,,,,,,,,,,,,,,,,,,5.781,,,0.41,1.033,1.209,,2.579,,2.594,1.281,,0.104,,0.643,1.106,,,,1.329,,0.852,,2.889,,0.597,2.051,0.912,,,,2.39,,1.283,,,,,,,,
1919,1.608,6.137,2.062,0.765,1.177,1.019,0.456,,,0.229,2.311,,,,0.132,1.761,0.82,0.144,0.11,0.117,,,,,,,,,,,,,,,,,,,4.97,,,0.402,1.134,1.912,,2.924,,1.688,1.554,,0.522,,0.657,3.009,,,,0.731,,0.525,,2.559,,1.394,1.995,1.588,,,,1.85,,1.869,,,,,,,,
1918,1.972,2.866,2.53,1.147,0.784,0.97,0.834,,,0.568,3.772,,,,0.113,1.467,0.706,0.228,0.187,0.172,,,,,,,,,,,,,,,,,,,6.477,,,0.761,0.929,1.798,,,,2.101,1.691,,0.771,,0.494,1.692,,,,0.945,,0.738,,2.646,,1.417,1.76,1.611,,,,2.197,,2.53,,,,,,,,
1917,2.568,,2.944,1.314,0.846,1.016,0.547,,,0.381,2.674,,,,0.1,0.903,1.138,0.131,0.243,0.161,,,,,,,,,,,,,,,,,,,8.725,,,0.492,0.934,1.988,,,,1.5,1.474,,0.645,,0.414,,,,,1.018,,0.759,,2.488,,1.481,1.584,1.771,,,,2.064,,2.323,,,,,,,,
1916,2.966,,2.833,1.242,1.125,1.14,0.63,,,0.449,,,,,0.197,1.644,0.878,0.177,0.245,0.163,,,,,,,,,,,,,,,,,,,7.498,,,,1.258,2.332,,,,1.221,2.057,,0.826,,0.785,,,,,0.991,,0.611,,2.495,,1.934,1.964,1.426,,,,2.491,,0.908,,,,,,,,
1915,3.593,,2.384,1.519,0.987,1.508,0.901,,,0.557,,,,,0.191,1.932,0.92,0.213,0.263,0.12,,,,,,,,,,,,,,,,,,,9.586,,,,1.116,2.533,,,,1.931,2.764,,1.002,,0.95,,,,,1.74,,1.061,,2.399,,1.404,2.057,1.864,,,,2.767,,,,,,,,,,
1914,2.883,,2.195,1.656,1.014,1.279,0.741,,,0.772,,,,,0.222,1.769,0.631,0.209,0.161,0.18,,,,,,,,,,,,,,,,,,,,,,,1.007,2.531,,,,2.176,1.628,,0.555,,1.365,,,,,0.876,,0.95,,3.962,,1.333,2.507,1.936,,,,2.271,,,,,,,,,,
1913,2.36,,2.355,,1.036,1.477,0.703,,,0.624,,,,,0.18,,0.712,0.258,0.262,0.183,,,,,,,,,,,,,,,,,,,,,,,0.644,2.183,,,,1.732,1.042,,0.444,,1.297,,,,,0.631,,0.671,,2.368,,0.997,1.854,1.155,,,,0.815,,,,,,,,,,
1912,3.24,,3.527,,0.871,1.793,0.628,,,0.735,,,,,0.122,,0.854,0.271,0.313,0.306,,,,,,,,,,,,,,,,,,,,,,,0.797,3.242,,,,1.959,0.978,,0.713,,1.263,,,,,0.417,,0.635,,1.117,,1.258,1.872,1.642,,,,1.869,,,,,,,,,,
1911,5.954,,4.308,,0.849,0.941,0.479,,,0.447,,,,,0.152,,1.039,0.32,0.188,0.246,,,,,,,,,,,,,,,,,,,,,,,0.779,1.602,,,,1.959,0.383,,0.497,,0.735,,,,,0.382,,0.66,,2.582,,1.074,1.881,1.685,,,,1.583,,,,,,,,,,
1910,6.295,,3.868,,1.4,1.191,0.694,,,0.42,,,,,0.189,,0.656,0.286,0.261,0.227,,,,,,,,,,,,,,,,,,,,,,,0.982,3.185,,,,1.174,0.746,,0.749,,1.113,,,,,1.323,,0.745,,3.578,,1.532,1.92,1.766,,,,1.668,,,,,,,,,,
1909,3.739,,3.832,,1.538,1.754,1.423,,,0.693,,,,,0.192,,1.073,0.314,0.44,0.239,,,,,,,,,,,,,,,,,,,,,,,1.076,2.999,,,,2.203,1.064,,1.552,,0.922,,,,,2.401,,1.077,,2.375,,1.127,1.158,1.434,,,,0.64,,,,,,,,,,
1908,1.125,,2.4,,2.237,1.368,1.536,,,0.456,,,,,0.219,,0.743,0.304,0.2,0.276,,,,,,,,,,,,,,,,,,,,,,,1.288,2.327,,,,1.83,0.916,,0.594,,0.405,,,,,1.254,,1.098,,3.227,,1.892,1.882,1.764,,,,2.62,,,,,,,,,,
1907,1.207,,1.309,,1.122,2.284,2.347,,,0.766,,,,,0.233,,0.86,0.307,0.289,0.12,,,,,,,,,,,,,,,,,,,,,,,1.42,2.772,,,,1.767,2.201,,1.919,,1.748,,,,,4.372,,0.495,,3.96,,2.134,1.809,2.386,,,,4.237,,,,,,,,,,
1906,1.402,,1.164,,1.152,,1.465,,,0.612,,,,,0.294,,0.646,0.263,0.354,0.222,,,,,,,,,,,,,,,,,,,,,,,1.305,3.478,,,,2.303,2.535,,1.341,,1.468,,,,,3.045,,1.91,,3.073,,1.608,1.821,1.429,,,,4.608,,,,,,,,,,
1905,0.865,,0.952,,1.259,,1.328,,,0.488,,,,,0.242,,0.766,0.256,0.486,0.184,,,,,,,,,,,,,,,,,,,,,,,1.48,3.564,,,,1.72,1.769,,0.36,,0.689,,,,,1.555,,1.933,,0.598,,2.228,1.729,1.396,,,,,,,,,,,,,,
1904,0.643,,0.759,,1.008,,1.492,,,0.916,,,,,0.226,,0.773,0.304,0.698,0.211,,,,,,,,,,,,,,,,,,,,,,,1.394,3.041,,,,0.88,2.158,,0.425,,2.324,,,,,1.408,,1.01,,1.62,,2.188,1.918,1.865,,,,,,,,,,,,,,
1903,0.856,,1.147,,1.103,,1.005,,,0.745,,,,,0.333,,0.715,0.412,0.476,0.201,,,,,,,,,,,,,,,,,,,,,,,1.679,2.539,,,,1.837,1.602,,0.377,,1.599,,,,,1.122,,2.428,,1.701,,1.795,1.125,1.564,,,,,,,,,,,,,,
1902,0.903,,1.094,,0.926,,1.005,,,0.469,,,,,0.239,,0.717,0.329,0.457,0.182,,,,,,,,,,,,,,,,,,,,,,,1.832,1.9,,,,1.365,1.336,,0.65,,0.836,,,,,0.906,,,,,,0.832,0.775,0.682,,,,,,,,,,,,,,
1901,0.669,,0.992,,1.185,,1.139,,,0.931,,,,,0.205,,0.96,0.291,0.503,0.122,,,,,,,,,,,,,,,,,,,,,,,1.662,2.609,,,,0.781,1.502,,0.777,,1.456,,,,,1.938,,,,,,1.96,1.006,1.456,,,,,,,,,,,,,,
1900,0.848,,1.158,,1.349,,1.348,,,0.707,,,,,0.162,,0.87,0.251,0.673,0.111,,,,,,,,,,,,,,,,,,,,,,,2.13,2.369,,,,1.367,0.73,,0.464,,1.716,,,,,1.13,,,,,,1.277,,1.444,,,,,,,,,,,,,,
1899,0.811,,1.567,,1.474,,1.292,,,0.407,,,,,0.098,,0.59,0.29,0.87,0.256,,,,,,,,,,,,,,,,,,,,,,,1.597,2.093,,,,1.118,0.405,,0.855,,0.974,,,,,1.261,,,,,,0.77,,0.84,,,,,,,,,,,,,,
1898,0.592,,1.184,,1.417,,1.63,,,0.866,,,,,0.203,,0.792,0.357,0.516,0.164,,,,,,,,,,,,,,,,,,,,,,,2.987,2.816,,,,0.578,1.961,,1.191,,1.696,,,,,1.144,,,,,,1.431,,2.186,,,,,,,,,,,,,,
1897,0.829,,1.056,,1.235,,1.749,,,0.812,,,,,0.165,,1.015,0.321,0.393,0.091,,,,,,,,,,,,,,,,,,,,,,,2.819,2.787,,,,1.888,1.516,,0.522,,2.015,,,,,1.004,,,,,,1.823,,2.226,,,,,,,,,,,,,,
1896,0.916,,0.827,,0.948,,2.025,,,0.676,,,,,0.158,,0.969,0.347,0.288,0.117,,,,,,,,,,,,,,,,,,,,,,,2.739,2.045,,,,2.005,1.165,,1.266,,1.192,,,,,0.932,,,,,,1.41,,1.457,,,,,,,,,,,,,,
1895,0.755,,0.772,,0.92,,2.814,,,0.705,,,,,0.17,,0.936,0.365,0.221,0.235,,,,,,,,,,,,,,,,,,,,,,,4.521,4.078,,,,1.185,2.272,,2.031,,2.019,,,,,1,,,,,,2.434,,2.256,,,,,,,,,,,,,,
1894,1.104,,0.968,,0.485,,3.447,,,0.735,,,,,0.277,,1.191,0.517,0.193,0.092,,,,,,,,,,,,,,,,,,,,,,,3.844,3.562,,,,2.378,2.179,,0.882,,1.929,,,,,0.906,,,,,,2.82,,2.251,,,,,,,,,,,,,,
1893,1.161,,1.303,,0.931,,2.968,,,0.367,,,,,0.159,,1.357,0.247,0.165,0.255,,,,,,,,,,,,,,,,,,,,,,,2.442,,,,,2.2,1.266,,1.334,,1.659,,,,,1.537,,,,,,1.13,,0.975,,,,,,,,,,,,,,
1892,1.253,,0.994,,1.511,,3.478,,,0.884,,,,,0.324,,0.649,0.362,0.424,0.223,,,,,,,,,,,,,,,,,,,,,,,3.732,,,,,1.088,1.37,,1.421,,2.563,,,,,1.675,,,,,,1.644,,1.693,,,,,,,,,,,,,,
1891,1.206,,1.067,,1.333,,5.16,,,1.063,,,,,0.373,,0.767,0.502,0.057,0.124,,,,,,,,,,,,,,,,,,,,,,,2.518,,,,,2.042,2.47,,0.877,,2.721,,,,,1.115,,,,,,2.683,,1.52,,,,,,,,,,,,,,
1890,1.185,,0.789,,1.774,,6.665,,,0.557,,,,,0.217,,0.705,0.152,0.043,0.218,,,,,,,,,,,,,,,,,,,,,,,1.231,,,,,2.249,0.951,,0.909,,2.258,,,,,2.202,,,,,,3.091,,1.64,,,,,,,,,,,,,,
1889,1.068,,0.767,,1.518,,17.176,,,0.802,,,,,0.402,,0.451,0.453,0.07,0.153,,,,,,,,,,,,,,,,,,,,,,,1.364,,,,,1.287,2.351,,0.537,,2.145,,,,,1.919,,,,,,3.829,,2.51,,,,,,,,,,,,,,
1888,1.296,,0.84,,1.813,,,,,0.578,,,,,0.271,,0.8,0.217,0.153,0.202,,,,,,,,,,,,,,,,,,,,,,,1.092,,,,,1.423,1.792,,0.296,,1.567,,,,,2.51,,,,,,2.087,,1.913,,,,,,,,,,,,,,
1887,1.022,,0.838,,1.51,,,,,1.195,,,,,0.183,,0.641,0.219,0.181,0.105,,,,,,,,,,,,,,,,,,,,,,,1.055,,,,,1.241,1.557,,1.461,,0.597,,,,,1.145,,,,,,1.851,,1.692,,,,,,,,,,,,,,
1886,1.121,,0.658,,1.73,,,,,0.567,,,,,0.307,,0.504,0.34,0.181,0.165,,,,,,,,,,,,,,,,,,,,,,,0.983,,,,,1.603,2.104,,1.733,,1.084,,,,,2.278,,,,,,1.982,,2.103,,,,,,,,,,,,,,
1885,1.119,,0.652,,1.272,,,,,0.795,,,,,0.289,,0.662,0.353,0.184,0.174,,,,,,,,,,,,,,,,,,,,,,,1.254,,,,,1.552,2.439,,1.936,,1.347,,,,,2.424,,,,,,2.691,,2.325,,,,,,,,,,,,,,
1884,0.885,,0.563,,1.108,,,,,0.682,,,,,0.105,,0.874,0.355,0.368,0.102,,,,,,,,,,,,,,,,,,,,,,,0.911,,,,,2.073,0.996,,1.263,,2.737,,,,,,,,,,,2.428,,1.842,,,,,,,,,,,,,,
1883,1.008,,0.455,,0.733,,,,,0.901,,,,,0.217,,0.81,0.342,0.413,0.209,,,,,,,,,,,,,,,,,,,,,,,1.008,,,,,0.9,1.563,,1.204,,2.629,,,,,,,,,,,2.618,,2.707,,,,,,,,,,,,,,
1882,0.709,,0.24,,0.741,,,,,1.021,,,,,0.259,,1.178,0.375,0.575,0.049,,,,,,,,,,,,,,,,,,,,,,,0.64,,,,,1.195,0.869,,1.215,,2.892,,,,,,,,,,,2.678,,2.745,,,,,,,,,,,,,,
1881,1.412,,0.708,,0.603,,,,,0.821,,,,,0.274,,1,0.304,0.676,0.158,,,,,,,,,,,,,,,,,,,,,,,0.429,,,,,1.126,0.582,,0.981,,1.389,,,,,,,,,,,3.069,,2.613,,,,,,,,,,,,,,
1880,1.315,,0.922,,0.594,,,,,0.75,,,,,0.253,,0.673,0.439,0.286,0.317,,,,,,,,,,,,,,,,,,,,,,,0.207,,,,,0.376,0.213,,2.753,,0.327,,,,,,,,,,,1.265,,1.174,,,,,,,,,,,,,,
1879,1.393,,1.022,,0.536,,,,,1.671,,,,,0.24,,0.89,0.222,0.322,0.225,,,,,,,,,,,,,,,,,,,,,,,1.425,,,,,0.186,1.225,,2.2,,2.499,,,,,,,,,,,2.598,,2.371,,,,,,,,,,,,,,
1878,1.333,,0.619,,0.484,,,,,1.994,,,,,0.422,,1.037,0.385,0.326,0.198,,,,,,,,,,,,,,,,,,,,,,,1.105,,,,,1.311,1.503,,1.865,,4.057,,,,,,,,,,,2.989,,2.815,,,,,,,,,,,,,,
1877,1.136,,0.363,,,,,,,1.357,,,,,0.42,,1.327,0.293,0.23,0.255,,,,,,,,,,,,,,,,,,,,,,,1.04,,,,,1.742,1.451,,0.561,,3.052,,,,,,,,,,,2.406,,2.284,,,,,,,,,,,,,,
1876,0.816,,0.232,,,,,,,1.783,,,,,0.43,,1.319,0.257,0.517,0.189,,,,,,,,,,,,,,,,,,,,,,,1.225,,,,,1.314,2.239,,1.085,,3.424,,,,,,,,,,,2.983,,2.835,,,,,,,,,,,,,,
1875,1.029,,0.427,,,,,,,1.743,,,,,0.261,,1.412,0.296,0.589,0.295,,,,,,,,,,,,,,,,,,,,,,,0.656,,,,,1.83,0.824,,0.196,,3.562,,,,,,,,,,,2.322,,2.199,,,,,,,,,,,,,,
1874,1.309,,0.613,,,,,,,1.134,,,,,0.215,,1.725,0.235,0.293,0.205,,,,,,,,,,,,,,,,,,,,,,,1.04,,,,,0.989,1.168,,0.699,,0.396,,,,,,,,,,,1.571,,1.637,,,,,,,,,,,,,,
1873,1.028,,0.307,,,,,,,1.389,,,,,0.297,,1.099,0.486,0.495,0.164,,,,,,,,,,,,,,,,,,,,,,,1.233,,,,,1.059,2.435,,1.69,,1.335,,,,,,,,,,,2.113,,2.105,,,,,,,,,,,,,,
1872,1.746,,0.601,,,,,,,2.15,,,,,0.219,,1.304,0.351,0.74,0.175,,,,,,,,,,,,,,,,,,,,,,,1.159,,,,,1.774,2.472,,2.222,,3.013,,,,,,,,,,,3.266,,2.539,,,,,,,,,,,,,,
1871,1.967,,0.713,,,,,,,1.305,,,,,0.197,,0.962,0.252,0.482,0.185,,,,,,,,,,,,,,,,,,,,,,,0.997,,,,,1.835,1.041,,1.526,,2.317,,,,,,,,,,,1.926,,1.643,,,,,,,,,,,,,,
1870,1.591,,0.552,,,,,,,1.605,,,,,0.271,,1.009,0.444,0.65,0.135,,,,,,,,,,,,,,,,,,,,,,,1.219,,,,,1.364,2.01,,1.817,,2.257,,,,,,,,,,,2.734,,3.151,,,,,,,,,,,,,,
1869,1.377,,0.663,,,,,,,1.369,,,,,0.243,,1.501,0.377,0.584,0.135,,,,,,,,,,,,,,,,,,,,,,,1.149,,,,,1.663,,,3.79,,2.426,,,,,,,,,,,3.137,,3.796,,,,,,,,,,,,,,
1868,1.397,,0.791,,,,,,,2.035,,,,,0.205,,1.414,0.446,0.694,0.292,,,,,,,,,,,,,,,,,,,,,,,1.138,,,,,2.027,,,2.523,,3.197,,,,,,,,,,,3.027,,3.148,,,,,,,,,,,,,,
1867,1.271,,0.639,,,,,,,1.119,,,,,0.175,,0.799,0.28,0.432,0.076,,,,,,,,,,,,,,,,,,,,,,,0.962,,,,,1.244,,,2.23,,2.689,,,,,,,,,,,2.238,,2.077,,,,,,,,,,,,,,
1866,1.39,,0.593,,,,,,,2.301,,,,,0.316,,1.166,0.36,0.7,0.224,,,,,,,,,,,,,,,,,,,,,,,0.941,,,,,1.63,,,4.162,,1.921,,,,,,,,,,,2.956,,3.029,,,,,,,,,,,,,,
1865,0.984,,0.353,,,,,,,1.995,,,,,0.146,,1.794,0.45,0.534,0.09,,,,,,,,,,,,,,,,,,,,,,,0.435,,,,,1.441,,,3.122,,5.226,,,,,,,,,,,1.96,,2.21,,,,,,,,,,,,,,
1864,1.046,,0.861,,,,,,,1.639,,,,,0.288,,1.349,0.489,0.619,0.189,,,,,,,,,,,,,,,,,,,,,,,0.786,,,,,0.947,,,2.445,,2.448,,,,,,,,,,,2.144,,2.185,,,,,,,,,,,,,,
1863,0.766,,0.313,,,,,,,2.696,,,,,0.351,,1.39,0.254,0.495,0.341,,,,,,,,,,,,,,,,,,,,,,,0.382,,,,,1.264,,,1.641,,1.838,,,,,,,,,,,2.546,,2.081,,,,,,,,,,,,,,
1862,0.895,,0.764,,,,,,,1.76,,,,,0.292,,1.01,0.423,0.512,0.228,,,,,,,,,,,,,,,,,,,,,,,0.953,,,,,0.339,,,2.515,,1.193,,,,,,,,,,,0.992,,1.681,,,,,,,,,,,,,,
1861,0.997,,0.659,,,,,,,2.649,,,,,0.151,,1.12,0.365,0.58,0.16,,,,,,,,,,,,,,,,,,,,,,,0.748,,,,,1.196,,,2.265,,1.485,,,,,,,,,,,1.794,,2.535,,,,,,,,,,,,,,
1860,1.364,,0.605,,,,,,,2.996,,,,,0.259,,1.193,0.49,0.511,0.372,,,,,,,,,,,,,,,,,,,,,,,0.794,,,,,0.368,,,2.42,,1.524,,,,,,,,,,,3.479,,2.391,,,,,,,,,,,,,,
1859,1.039,,0.525,,,,,,,1.422,,,,,0.25,,1.15,0.544,0.689,0.222,,,,,,,,,,,,,,,,,,,,,,,0.861,,,,,0.286,,,2.488,,1.543,,,,,,,,,,,2.618,,3.45,,,,,,,,,,,,,,
1858,1.065,,0.418,,,,,,,2.61,,,,,0.303,,1.15,0.652,0.918,0.217,,,,,,,,,,,,,,,,,,,,,,,0.864,,,,,0.329,,,3.841,,2.166,,,,,,,,,,,3.083,,2.952,,,,,,,,,,,,,,
1857,1.04,,0.724,,,,,,,0.36,,,,,0.235,,1.352,0.471,0.458,0.295,,,,,,,,,,,,,,,,,,,,,,,0.499,,,,,0.759,,,2.318,,2.47,,,,,,,,,,,3.197,,,,,,,,,,,,,,,,
1856,1.146,,0.761,,,,,,,0.953,,,,,0.16,,1.128,0.297,0.591,0.346,,,,,,,,,,,,,,,,,,,,,,,0.321,,,,,0.84,,,2.076,,1.449,,,,,,,,,,,1.915,,,,,,,,,,,,,,,,
1855,1.039,,0.649,,,,,,,0.454,,,,,0.358,,0.84,0.584,0.812,0.253,,,,,,,,,,,,,,,,,,,,,,,0.101,,,,,2.138,,,1.404,,1.022,,,,,,,,,,,2.963,,,,,,,,,,,,,,,,
1854,0.799,,0.458,,,,,,,1.148,,,,,0.215,,1.743,0.444,0.514,0.42,,,,,,,,,,,,,,,,,,,,,,,0.203,,,,,1.419,,,2.45,,0.906,,,,,,,,,,,3.586,,,,,,,,,,,,,,,,
1853,0.812,,0.19,,,,,,,2.087,,,,,0.275,,2.505,0.643,0.507,0.234,,,,,,,,,,,,,,,,,,,,,,,0.153,,,,,0.938,,,1.741,,1.528,,,,,,,,,,,2.932,,,,,,,,,,,,,,,,
1852,0.875,,0.567,,,,,,,2.245,,,,,0.309,,3.467,0.774,0.478,0.285,,,,,,,,,,,,,,,,,,,,,,,0.668,,,,,0.766,,,0.866,,1.693,,,,,,,,,,,3.184,,,,,,,,,,,,,,,,
1851,0.693,,0.495,,,,,,,1.547,,,,,0.529,,3.856,0.356,0.636,0.314,,,,,,,,,,,,,,,,,,,,,,,0.636,,,,,1.486,,,0.75,,0.757,,,,,,,,,,,1.341,,,,,,,,,,,,,,,,
1850,0.791,,0.334,,,,,,,1.995,,,,,0.308,,2.589,0.542,0.832,0.192,,,,,,,,,,,,,,,,,,,,,,,0.47,,,,,1.034,,,1.051,,0.376,,,,,,,,,,,2.967,,,,,,,,,,,,,,,,
1849,1.011,,0.542,,,,,,,2.332,,,,,0.264,,2.68,0.87,0.897,0.314,,,,,,,,,,,,,,,,,,,,,,,0.5,,,,,1.183,,,0.715,,1.312,,,,,,,,,,,3.487,,,,,,,,,,,,,,,,
1848,0.991,,0.599,,,,,,,1.919,,,,,0.545,,,0.343,0.803,0.321,,,,,,,,,,,,,,,,,,,,,,,0.396,,,,,0.158,,,0.791,,0.969,,,,,,,,,,,2.45,,,,,,,,,,,,,,,,
1847,1.219,,0.926,,,,,,,1.525,,,,,0.349,,,0.884,0.553,0.355,,,,,,,,,,,,,,,,,,,,,,,0.126,,,,,0.168,,,1.116,,0.77,,,,,,,,,,,2.75,,,,,,,,,,,,,,,,
1846,0.822,,0.748,,,,,,,1.711,,,,,0.409,,,0.55,0.64,0.269,,,,,,,,,,,,,,,,,,,,,,,0.401,,,,,1.151,,,1.458,,1.219,,,,,,,,,,,2.709,,,,,,,,,,,,,,,,
1845,0.627,,0.498,,,,,,,1.255,,,,,0.484,,,0.688,0.847,0.299,,,,,,,,,,,,,,,,,,,,,,,0.307,,,,,1.424,,,2.317,,1.217,,,,,,,,,,,2.794,,,,,,,,,,,,,,,,
1844,0.776,,0.27,,,,,,,0.503,,,,,0.621,,,0.682,0.58,0.219,,,,,,,,,,,,,,,,,,,,,,,0.232,,,,,0.875,,,4.252,,1.301,,,,,,,,,,,3.87,,,,,,,,,,,,,,,,
1843,1.052,,0.517,,,,,,,0.274,,,,,0.835,,,0.813,0.932,0.275,,,,,,,,,,,,,,,,,,,,,,,0.329,,,,,0.975,,,3.866,,2.489,,,,,,,,,,,4.112,,,,,,,,,,,,,,,,
1842,1.024,,0.482,,,,,,,0.2,,,,,0.89,,,0.452,0.694,0.284,,,,,,,,,,,,,,,,,,,,,,,0.826,,,,,0.731,,,1.631,,3.411,,,,,,,,,,,2.379,,,,,,,,,,,,,,,,
1841,1.444,,0.623,,,,,,,1.325,,,,,0.564,,,0.396,1.282,0.254,,,,,,,,,,,,,,,,,,,,,,,1.017,,,,,0.469,,,3.205,,0.794,,,,,,,,,,,,,,,,,,,,,,,,,,,
1840,1.501,,0.692,,,,,,,1.539,,,,,0.58,,,0.318,1.032,0.381,,,,,,,,,,,,,,,,,,,,,,,1.087,,,,,0.728,,,2.263,,5.636,,,,,,,,,,,,,,,,,,,,,,,,,,,
1839,1.446,,0.762,,,,,,,1.41,,,,,0.584,,,0.553,1.33,0.274,,,,,,,,,,,,,,,,,,,,,,,0.773,,,,,0.439,,,2.85,,1.977,,,,,,,,,,,,,,,,,,,,,,,,,,,
1838,1.352,,0.983,,,,,,,1.732,,,,,0.352,,,0.493,2.133,0.255,,,,,,,,,,,,,,,,,,,,,,,1.037,,,,,0.194,,,4.502,,3.878,,,,,,,,,,,,,,,,,,,,,,,,,,,
1837,1.436,,0.915,,,,,,,1.259,,,,,0.265,,,0.374,1.21,0.255,,,,,,,,,,,,,,,,,,,,,,,1.34,,,,,0.437,,,3.906,,,,,,,,,,,,,,,,,,,,,,,,,,,,,
1836,1.663,,0.834,,,,,,,1.928,,,,,0.203,,,0.707,,0.213,,,,,,,,,,,,,,,,,,,,,,,0.748,,,,,1.412,,,4.023,,,,,,,,,,,,,,,,,,,,,,,,,,,,,
1835,1.033,,0.885,,,,,,,1.738,,,,,0.174,,,0.616,,0.262,,,,,,,,,,,,,,,,,,,,,,,1.084,,,,,1.303,,,3.547,,,,,,,,,,,,,,,,,,,,,,,,,,,,,
1834,0.886,,0.85,,,,,,,2.304,,,,,0.254,,,0.424,,0.193,,,,,,,,,,,,,,,,,,,,,,,0.95,,,,,1.435,,,5.162,,,,,,,,,,,,,,,,,,,,,,,,,,,,,
1833,0.964,,0.756,,,,,,,1.75,,,,,0.204,,,0.543,,0.161,,,,,,,,,,,,,,,,,,,,,,,0.656,,,,,1.183,,,,,,,,,,,,,,,,,,,,,,,,,,,,,,,,
1832,0.921,,0.643,,,,,,,1.362,,,,,,,,0.565,,0.272,,,,,,,,,,,,,,,,,,,,,,,0.592,,,,,1.804,,,,,,,,,,,,,,,,,,,,,,,,,,,,,,,,
1831,1.113,,0.435,,,,,,,1.46,,,,,,,,0.534,,0.159,,,,,,,,,,,,,,,,,,,,,,,0.829,,,,,1.514,,,,,,,,,,,,,,,,,,,,,,,,,,,,,,,,
1830,1.382,,0.661,,,,,,,1.817,,,,,,,,0.554,,0.193,,,,,,,,,,,,,,,,,,,,,,,1.076,,,,,1.4,,,,,,,,,,,,,,,,,,,,,,,,,,,,,,,,
1829,1.276,,0.557,,,,,,,1.153,,,,,,,,0.603,,0.203,,,,,,,,,,,,,,,,,,,,,,,0.77,,,,,1.863,,,,,,,,,,,,,,,,,,,,,,,,,,,,,,,,
1828,1.199,,0.542,,,,,,,1.943,,,,,,,,0.787,,0.115,,,,,,,,,,,,,,,,,,,,,,,0.681,,,,,0.438,,,,,,,,,,,,,,,,,,,,,,,,,,,,,,,,
1827,1.567,,0.494,,,,,,,1.39,,,,,,,,0.373,,0.155,,,,,,,,,,,,,,,,,,,,,,,0.556,,,,,1.146,,,,,,,,,,,,,,,,,,,,,,,,,,,,,,,,
1826,1.027,,0.443,,,,,,,1.571,,,,,,,,0.454,,0.061,,,,,,,,,,,,,,,,,,,,,,,0.188,,,,,1.671,,,,,,,,,,,,,,,,,,,,,,,,,,,,,,,,
1825,1.549,,0.461,,,,,,,1.465,,,,,,,,0.358,,0.128,,,,,,,,,,,,,,,,,,,,,,,0.685,,,,,1.23,,,,,,,,,,,,,,,,,,,,,,,,,,,,,,,,
1824,1.713,,0.525,,,,,,,1.449,,,,,,,,0.366,,0.183,,,,,,,,,,,,,,,,,,,,,,,0.977,,,,,1.576,,,,,,,,,,,,,,,,,,,,,,,,,,,,,,,,
1823,1.192,,0.478,,,,,,,1.459,,,,,,,,0.217,,0.109,,,,,,,,,,,,,,,,,,,,,,,0.503,,,,,1.535,,,,,,,,,,,,,,,,,,,,,,,,,,,,,,,,
1822,1.329,,0.391,,,,,,,1.631,,,,,,,,0.416,,0.196,,,,,,,,,,,,,,,,,,,,,,,0.616,,,,,1.382,,,,,,,,,,,,,,,,,,,,,,,,,,,,,,,,
1821,1.618,,0.533,,,,,,,1.637,,,,,,,,0.449,,0.189,,,,,,,,,,,,,,,,,,,,,,,1.127,,,,,1.135,,,,,,,,,,,,,,,,,,,,,,,,,,,,,,,,
1820,1.093,,0.529,,,,,,,1.757,,,,,,,,0.754,,0.141,,,,,,,,,,,,,,,,,,,,,,,0.881,,,,,1.326,,,,,,,,,,,,,,,,,,,,,,,,,,,,,,,,
1819,1.674,,0.448,,,,,,,1.557,,,,,,,,0.398,,0.264,,,,,,,,,,,,,,,,,,,,,,,1.103,,,,,0.455,,,,,,,,,,,,,,,,,,,,,,,,,,,,,,,,
1818,1.662,,0.785,,,,,,,1.884,,,,,,,,0.586,,0.147,,,,,,,,,,,,,,,,,,,,,,,1.395,,,,,1.471,,,,,,,,,,,,,,,,,,,,,,,,,,,,,,,,
1817,1.66,,,,,,,,,2.18,,,,,,,,0.495,,0.163,,,,,,,,,,,,,,,,,,,,,,,1.225,,,,,1.419,,,,,,,,,,,,,,,,,,,,,,,,,,,,,,,,
1816,1.504,,,,,,,,,2.327,,,,,,,,0.517,,0.134,,,,,,,,,,,,,,,,,,,,,,,1.88,,,,,0.99,,,,,,,,,,,,,,,,,,,,,,,,,,,,,,,,
1815,1.291,,,,,,,,,1.726,,,,,,,,0.822,,0.151,,,,,,,,,,,,,,,,,,,,,,,1.491,,,,,0.908,,,,,,,,,,,,,,,,,,,,,,,,,,,,,,,,
1814,1.065,,,,,,,,,1.147,,,,,,,,0.28,,0.226,,,,,,,,,,,,,,,,,,,,,,,1.666,,,,,1.589,,,,,,,,,,,,,,,,,,,,,,,,,,,,,,,,
1813,1.134,,,,,,,,,1.496,,,,,,,,0.451,,0.127,,,,,,,,,,,,,,,,,,,,,,,1.951,,,,,1.549,,,,,,,,,,,,,,,,,,,,,,,,,,,,,,,,
1812,0.792,,,,,,,,,1.114,,,,,,,,0.446,,0.206,,,,,,,,,,,,,,,,,,,,,,,2.263,,,,,1.315,,,,,,,,,,,,,,,,,,,,,,,,,,,,,,,,
1811,0.97,,,,,,,,,1.663,,,,,,,,0.458,,0.08,,,,,,,,,,,,,,,,,,,,,,,0.539,,,,,1.334,,,,,,,,,,,,,,,,,,,,,,,,,,,,,,,,
1810,0.993,,,,,,,,,1.942,,,,,,,,0.449,,0.107,,,,,,,,,,,,,,,,,,,,,,,1.273,,,,,2.121,,,,,,,,,,,,,,,,,,,,,,,,,,,,,,,,
1809,0.816,,,,,,,,,1.909,,,,,,,,0.579,,0.106,,,,,,,,,,,,,,,,,,,,,,,1.523,,,,,1.611,,,,,,,,,,,,,,,,,,,,,,,,,,,,,,,,
1808,0.849,,,,,,,,,1.652,,,,,,,,0.586,,0.175,,,,,,,,,,,,,,,,,,,,,,,1.375,,,,,1.113,,,,,,,,,,,,,,,,,,,,,,,,,,,,,,,,
1807,0.692,,,,,,,,,1.465,,,,,,,,0.426,,0.205,,,,,,,,,,,,,,,,,,,,,,,0.383,,,,,1.439,,,,,,,,,,,,,,,,,,,,,,,,,,,,,,,,
1806,1.019,,,,,,,,,2.156,,,,,,,,0.695,,0.215,,,,,,,,,,,,,,,,,,,,,,,0.868,,,,,1.206,,,,,,,,,,,,,,,,,,,,,,,,,,,,,,,,
1805,1.101,,,,,,,,,2.987,,,,,,,,0.88,,0.277,,,,,,,,,,,,,,,,,,,,,,,2.208,,,,,1.612,,,,,,,,,,,,,,,,,,,,,,,,,,,,,,,,
1804,1.257,,,,,,,,,2.425,,,,,,,,0.89,,0.245,,,,,,,,,,,,,,,,,,,,,,,1.125,,,,,0.696,,,,,,,,,,,,,,,,,,,,,,,,,,,,,,,,
1803,1.133,,,,,,,,,2.319,,,,,,,,0.833,,0.237,,,,,,,,,,,,,,,,,,,,,,,0.485,,,,,1.167,,,,,,,,,,,,,,,,,,,,,,,,,,,,,,,,
1802,1.572,,,,,,,,,2.943,,,,,,,,0.804,,0.201,,,,,,,,,,,,,,,,,,,,,,,2.848,,,,,1.071,,,,,,,,,,,,,,,,,,,,,,,,,,,,,,,,
1801,,,,,,,,,,2.22,,,,,,,,0.637,,0.13,,,,,,,,,,,,,,,,,,,,,,,2.263,,,,,1.263,,,,,,,,,,,,,,,,,,,,,,,,,,,,,,,,
1800,,,,,,,,,,2.116,,,,,,,,0.453,,0.32,,,,,,,,,,,,,,,,,,,,,,,1.674,,,,,1.7,,,,,,,,,,,,,,,,,,,,,,,,,,,,,,,,
1799,,,,,,,,,,2.1,,,,,,,,0.666,,0.25,,,,,,,,,,,,,,,,,,,,,,,1.08,,,,,2.249,,,,,,,,,,,,,,,,,,,,,,,,,,,,,,,,
1798,,,,,,,,,,2.794,,,,,,,,1.193,,0.337,,,,,,,,,,,,,,,,,,,,,,,1.026,,,,,,,,,,,,,,,,,,,,,,,,,,,,,,,,,,,,,
1797,,,,,,,,,,2.491,,,,,,,,1.307,,0.273,,,,,,,,,,,,,,,,,,,,,,,0.949,,,,,,,,,,,,,,,,,,,,,,,,,,,,,,,,,,,,,
1796,,,,,,,,,,2.82,,,,,,,,0.875,,0.375,,,,,,,,,,,,,,,,,,,,,,,,,,,,,,,,,,,,,,,,,,,,,,,,,,,,,,,,,,,,
1795,,,,,,,,,,1.697,,,,,,,,1.54,,0.34,,,,,,,,,,,,,,,,,,,,,,,,,,,,,,,,,,,,,,,,,,,,,,,,,,,,,,,,,,,,
1794,,,,,,,,,,1.742,,,,,,,,1.626,,0.198,,,,,,,,,,,,,,,,,,,,,,,,,,,,,,,,,,,,,,,,,,,,,,,,,,,,,,,,,,,,
1793,,,,,,,,,,2.136,,,,,,,,1.522,,0.149,,,,,,,,,,,,,,,,,,,,,,,,,,,,,,,,,,,,,,,,,,,,,,,,,,,,,,,,,,,,
1792,,,,,,,,,,4.319,,,,,,,,1.272,,0.153,,,,,,,,,,,,,,,,,,,,,,,,,,,,,,,,,,,,,,,,,,,,,,,,,,,,,,,,,,,,
1791,,,,,,,,,,5.711,,,,,,,,1.06,,0.199,,,,,,,,,,,,,,,,,,,,,,,,,,,,,,,,,,,,,,,,,,,,,,,,,,,,,,,,,,,,
1790,,,,,,,,,,,,,,,,,,0.945,,0.03,,,,,,,,,,,,,,,,,,,,,,,,,,,,,,,,,,,,,,,,,,,,,,,,,,,,,,,,,,,,
1789,,,,,,,,,,,,,,,,,,1.228,,0.131,,,,,,,,,,,,,,,,,,,,,,,,,,,,,,,,,,,,,,,,,,,,,,,,,,,,,,,,,,,,
1788,,,,,,,,,,,,,,,,,,1.152,,0.106,,,,,,,,,,,,,,,,,,,,,,,,,,,,,,,,,,,,,,,,,,,,,,,,,,,,,,,,,,,,
1787,,,,,,,,,,,,,,,,,,1.098,,0.325,,,,,,,,,,,,,,,,,,,,,,,,,,,,,,,,,,,,,,,,,,,,,,,,,,,,,,,,,,,,
1786,,,,,,,,,,,,,,,,,,1.123,,0.283,,,,,,,,,,,,,,,,,,,,,,,,,,,,,,,,,,,,,,,,,,,,,,,,,,,,,,,,,,,,
1785,,,,,,,,,,,,,,,,,,0.571,,0.14,,,,,,,,,,,,,,,,,,,,,,,,,,,,,,,,,,,,,,,,,,,,,,,,,,,,,,,,,,,,
1784,,,,,,,,,,,,,,,,,,0.493,,0.399,,,,,,,,,,,,,,,,,,,,,,,,,,,,,,,,,,,,,,,,,,,,,,,,,,,,,,,,,,,,
1783,,,,,,,,,,,,,,,,,,0.498,,0.322,,,,,,,,,,,,,,,,,,,,,,,,,,,,,,,,,,,,,,,,,,,,,,,,,,,,,,,,,,,,
1782,,,,,,,,,,,,,,,,,,0.675,,0.108,,,,,,,,,,,,,,,,,,,,,,,,,,,,,,,,,,,,,,,,,,,,,,,,,,,,,,,,,,,,
1781,,,,,,,,,,,,,,,,,,0.734,,0.26,,,,,,,,,,,,,,,,,,,,,,,,,,,,,,,,,,,,,,,,,,,,,,,,,,,,,,,,,,,,
1780,,,,,,,,,,,,,,,,,,0.549,,0.281,,,,,,,,,,,,,,,,,,,,,,,,,,,,,,,,,,,,,,,,,,,,,,,,,,,,,,,,,,,,
1779,,,,,,,,,,,,,,,,,,0.37,,0.292,,,,,,,,,,,,,,,,,,,,,,,,,,,,,,,,,,,,,,,,,,,,,,,,,,,,,,,,,,,,
1778,,,,,,,,,,,,,,,,,,0.542,,0.247,,,,,,,,,,,,,,,,,,,,,,,,,,,,,,,,,,,,,,,,,,,,,,,,,,,,,,,,,,,,
1777,,,,,,,,,,,,,,,,,,0.648,,0.311,,,,,,,,,,,,,,,,,,,,,,,,,,,,,,,,,,,,,,,,,,,,,,,,,,,,,,,,,,,,
1776,,,,,,,,,,,,,,,,,,0.523,,0.219,,,,,,,,,,,,,,,,,,,,,,,,,,,,,,,,,,,,,,,,,,,,,,,,,,,,,,,,,,,,
1775,,,,,,,,,,,,,,,,,,0.4,,0.234,,,,,,,,,,,,,,,,,,,,,,,,,,,,,,,,,,,,,,,,,,,,,,,,,,,,,,,,,,,,
1774,,,,,,,,,,,,,,,,,,0.596,,0.213,,,,,,,,,,,,,,,,,,,,,,,,,,,,,,,,,,,,,,,,,,,,,,,,,,,,,,,,,,,,
1773,,,,,,,,,,,,,,,,,,0.466,,0.294,,,,,,,,,,,,,,,,,,,,,,,,,,,,,,,,,,,,,,,,,,,,,,,,,,,,,,,,,,,,
1772,,,,,,,,,,,,,,,,,,0.688,,0.243,,,,,,,,,,,,,,,,,,,,,,,,,,,,,,,,,,,,,,,,,,,,,,,,,,,,,,,,,,,,
1771,,,,,,,,,,,,,,,,,,0.426,,0.229,,,,,,,,,,,,,,,,,,,,,,,,,,,,,,,,,,,,,,,,,,,,,,,,,,,,,,,,,,,,
1770,,,,,,,,,,,,,,,,,,0.657,,0.061,,,,,,,,,,,,,,,,,,,,,,,,,,,,,,,,,,,,,,,,,,,,,,,,,,,,,,,,,,,,
1769,,,,,,,,,,,,,,,,,,0.761,,0.23,,,,,,,,,,,,,,,,,,,,,,,,,,,,,,,,,,,,,,,,,,,,,,,,,,,,,,,,,,,,
1768,,,,,,,,,,,,,,,,,,0.501,,0.096,,,,,,,,,,,,,,,,,,,,,,,,,,,,,,,,,,,,,,,,,,,,,,,,,,,,,,,,,,,,
1767,,,,,,,,,,,,,,,,,,0.375,,0.19,,,,,,,,,,,,,,,,,,,,,,,,,,,,,,,,,,,,,,,,,,,,,,,,,,,,,,,,,,,,
1766,,,,,,,,,,,,,,,,,,0.37,,0.19,,,,,,,,,,,,,,,,,,,,,,,,,,,,,,,,,,,,,,,,,,,,,,,,,,,,,,,,,,,,
1765,,,,,,,,,,,,,,,,,,0.646,,0.303,,,,,,,,,,,,,,,,,,,,,,,,,,,,,,,,,,,,,,,,,,,,,,,,,,,,,,,,,,,,
1764,,,,,,,,,,,,,,,,,,0.346,,0.216,,,,,,,,,,,,,,,,,,,,,,,,,,,,,,,,,,,,,,,,,,,,,,,,,,,,,,,,,,,,
1763,,,,,,,,,,,,,,,,,,0.308,,0.19,,,,,,,,,,,,,,,,,,,,,,,,,,,,,,,,,,,,,,,,,,,,,,,,,,,,,,,,,,,,
1762,,,,,,,,,,,,,,,,,,0.117,,0.267,,,,,,,,,,,,,,,,,,,,,,,,,,,,,,,,,,,,,,,,,,,,,,,,,,,,,,,,,,,,
1761,,,,,,,,,,,,,,,,,,0.227,,0.326,,,,,,,,,,,,,,,,,,,,,,,,,,,,,,,,,,,,,,,,,,,,,,,,,,,,,,,,,,,,
1760,,,,,,,,,,,,,,,,,,0.252,,0.308,,,,,,,,,,,,,,,,,,,,,,,,,,,,,,,,,,,,,,,,,,,,,,,,,,,,,,,,,,,,
1759,,,,,,,,,,,,,,,,,,0.21,,0.402,,,,,,,,,,,,,,,,,,,,,,,,,,,,,,,,,,,,,,,,,,,,,,,,,,,,,,,,,,,,
1758,,,,,,,,,,,,,,,,,,0.081,,0.564,,,,,,,,,,,,,,,,,,,,,,,,,,,,,,,,,,,,,,,,,,,,,,,,,,,,,,,,,,,,
1757,,,,,,,,,,,,,,,,,,0.284,,0.252,,,,,,,,,,,,,,,,,,,,,,,,,,,,,,,,,,,,,,,,,,,,,,,,,,,,,,,,,,,,
1756,,,,,,,,,,,,,,,,,,0.418,,0.355,,,,,,,,,,,,,,,,,,,,,,,,,,,,,,,,,,,,,,,,,,,,,,,,,,,,,,,,,,,,
1755,,,,,,,,,,,,,,,,,,0.656,,0.546,,,,,,,,,,,,,,,,,,,,,,,,,,,,,,,,,,,,,,,,,,,,,,,,,,,,,,,,,,,,
1754,,,,,,,,,,,,,,,,,,0.712,,0.366,,,,,,,,,,,,,,,,,,,,,,,,,,,,,,,,,,,,,,,,,,,,,,,,,,,,,,,,,,,,
1753,,,,,,,,,,,,,,,,,,0.792,,0.33,,,,,,,,,,,,,,,,,,,,,,,,,,,,,,,,,,,,,,,,,,,,,,,,,,,,,,,,,,,,
1752,,,,,,,,,,,,,,,,,,0.953,,0.242,,,,,,,,,,,,,,,,,,,,,,,,,,,,,,,,,,,,,,,,,,,,,,,,,,,,,,,,,,,,
1751,,,,,,,,,,,,,,,,,,3.764,,0.189,,,,,,,,,,,,,,,,,,,,,,,,,,,,,,,,,,,,,,,,,,,,,,,,,,,,,,,,,,,,
1750,,,,,,,,,,,,,,,,,,1.237,,0.172,,,,,,,,,,,,,,,,,,,,,,,,,,,,,,,,,,,,,,,,,,,,,,,,,,,,,,,,,,,,
1749,,,,,,,,,,,,,,,,,,,,0.191,,,,,,,,,,,,,,,,,,,,,,,,,,,,,,,,,,,,,,,,,,,,,,,,,,,,,,,,,,,,
1748,,,,,,,,,,,,,,,,,,,,0.345,,,,,,,,,,,,,,,,,,,,,,,,,,,,,,,,,,,,,,,,,,,,,,,,,,,,,,,,,,,,
1747,,,,,,,,,,,,,,,,,,,,0.317,,,,,,,,,,,,,,,,,,,,,,,,,,,,,,,,,,,,,,,,,,,,,,,,,,,,,,,,,,,,
1746,,,,,,,,,,,,,,,,,,,,0.294,,,,,,,,,,,,,,,,,,,,,,,,,,,,,,,,,,,,,,,,,,,,,,,,,,,,,,,,,,,,
1745,,,,,,,,,,,,,,,,,,,,0.318,,,,,,,,,,,,,,,,,,,,,,,,,,,,,,,,,,,,,,,,,,,,,,,,,,,,,,,,,,,,
1744,,,,,,,,,,,,,,,,,,,,0.312,,,,,,,,,,,,,,,,,,,,,,,,,,,,,,,,,,,,,,,,,,,,,,,,,,,,,,,,,,,,
1743,,,,,,,,,,,,,,,,,,,,0.105,,,,,,,,,,,,,,,,,,,,,,,,,,,,,,,,,,,,,,,,,,,,,,,,,,,,,,,,,,,,
1742,,,,,,,,,,,,,,,,,,,,0.276,,,,,,,,,,,,,,,,,,,,,,,,,,,,,,,,,,,,,,,,,,,,,,,,,,,,,,,,,,,,
1741,,,,,,,,,,,,,,,,,,,,0.742,,,,,,,,,,,,,,,,,,,,,,,,,,,,,,,,,,,,,,,,,,,,,,,,,,,,,,,,,,,,
1740,,,,,,,,,,,,,,,,,,,,0.582,,,,,,,,,,,,,,,,,,,,,,,,,,,,,,,,,,,,,,,,,,,,,,,,,,,,,,,,,,,,
1739,,,,,,,,,,,,,,,,,,,,0.44,,,,,,,,,,,,,,,,,,,,,,,,,,,,,,,,,,,,,,,,,,,,,,,,,,,,,,,,,,,,
1738,,,,,,,,,,,,,,,,,,,,0.516,,,,,,,,,,,,,,,,,,,,,,,,,,,,,,,,,,,,,,,,,,,,,,,,,,,,,,,,,,,,
1737,,,,,,,,,,,,,,,,,,,,0.377,,,,,,,,,,,,,,,,,,,,,,,,,,,,,,,,,,,,,,,,,,,,,,,,,,,,,,,,,,,,
1736,,,,,,,,,,,,,,,,,,,,0.525,,,,,,,,,,,,,,,,,,,,,,,,,,,,,,,,,,,,,,,,,,,,,,,,,,,,,,,,,,,,
1735,,,,,,,,,,,,,,,,,,,,0.485,,,,,,,,,,,,,,,,,,,,,,,,,,,,,,,,,,,,,,,,,,,,,,,,,,,,,,,,,,,,
1734,,,,,,,,,,,,,,,,,,,,0.313,,,,,,,,,,,,,,,,,,,,,,,,,,,,,,,,,,,,,,,,,,,,,,,,,,,,,,,,,,,,
1733,,,,,,,,,,,,,,,,,,,,0.292,,,,,,,,,,,,,,,,,,,,,,,,,,,,,,,,,,,,,,,,,,,,,,,,,,,,,,,,,,,,
1732,,,,,,,,,,,,,,,,,,,,0.747,,,,,,,,,,,,,,,,,,,,,,,,,,,,,,,,,,,,,,,,,,,,,,,,,,,,,,,,,,,,
1731,,,,,,,,,,,,,,,,,,,,0.712,,,,,,,,,,,,,,,,,,,,,,,,,,,,,,,,,,,,,,,,,,,,,,,,,,,,,,,,,,,,
1730,,,,,,,,,,,,,,,,,,,,0.928,,,,,,,,,,,,,,,,,,,,,,,,,,,,,,,,,,,,,,,,,,,,,,,,,,,,,,,,,,,,
1729,,,,,,,,,,,,,,,,,,,,0.673,,,,,,,,,,,,,,,,,,,,,,,,,,,,,,,,,,,,,,,,,,,,,,,,,,,,,,,,,,,,
1728,,,,,,,,,,,,,,,,,,,,0.485,,,,,,,,,,,,,,,,,,,,,,,,,,,,,,,,,,,,,,,,,,,,,,,,,,,,,,,,,,,,
1727,,,,,,,,,,,,,,,,,,,,0.389,,,,,,,,,,,,,,,,,,,,,,,,,,,,,,,,,,,,,,,,,,,,,,,,,,,,,,,,,,,,
1726,,,,,,,,,,,,,,,,,,,,0.707,,,,,,,,,,,,,,,,,,,,,,,,,,,,,,,,,,,,,,,,,,,,,,,,,,,,,,,,,,,,
1725,,,,,,,,,,,,,,,,,,,,1.24,,,,,,,,,,,,,,,,,,,,,,,,,,,,,,,,,,,,,,,,,,,,,,,,,,,,,,,,,,,,
1724,,,,,,,,,,,,,,,,,,,,1.215,,,,,,,,,,,,,,,,,,,,,,,,,,,,,,,,,,,,,,,,,,,,,,,,,,,,,,,,,,,,
1723,,,,,,,,,,,,,,,,,,,,0.78,,,,,,,,,,,,,,,,,,,,,,,,,,,,,,,,,,,,,,,,,,,,,,,,,,,,,,,,,,,,
1722,,,,,,,,,,,,,,,,,,,,0.593,,,,,,,,,,,,,,,,,,,,,,,,,,,,,,,,,,,,,,,,,,,,,,,,,,,,,,,,,,,,
1721,,,,,,,,,,,,,,,,,,,,0.237,,,,,,,,,,,,,,,,,,,,,,,,,,,,,,,,,,,,,,,,,,,,,,,,,,,,,,,,,,,,
1720,,,,,,,,,,,,,,,,,,,,0.269,,,,,,,,,,,,,,,,,,,,,,,,,,,,,,,,,,,,,,,,,,,,,,,,,,,,,,,,,,,,
1719,,,,,,,,,,,,,,,,,,,,0.129,,,,,,,,,,,,,,,,,,,,,,,,,,,,,,,,,,,,,,,,,,,,,,,,,,,,,,,,,,,,
1718,,,,,,,,,,,,,,,,,,,,0.192,,,,,,,,,,,,,,,,,,,,,,,,,,,,,,,,,,,,,,,,,,,,,,,,,,,,,,,,,,,,
1717,,,,,,,,,,,,,,,,,,,,0.121,,,,,,,,,,,,,,,,,,,,,,,,,,,,,,,,,,,,,,,,,,,,,,,,,,,,,,,,,,,,
1716,,,,,,,,,,,,,,,,,,,,0.2,,,,,,,,,,,,,,,,,,,,,,,,,,,,,,,,,,,,,,,,,,,,,,,,,,,,,,,,,,,,
1715,,,,,,,,,,,,,,,,,,,,0.654,,,,,,,,,,,,,,,,,,,,,,,,,,,,,,,,,,,,,,,,,,,,,,,,,,,,,,,,,,,,
1714,,,,,,,,,,,,,,,,,,,,0.426,,,,,,,,,,,,,,,,,,,,,,,,,,,,,,,,,,,,,,,,,,,,,,,,,,,,,,,,,,,,
1713,,,,,,,,,,,,,,,,,,,,0.406,,,,,,,,,,,,,,,,,,,,,,,,,,,,,,,,,,,,,,,,,,,,,,,,,,,,,,,,,,,,
1712,,,,,,,,,,,,,,,,,,,,0.48,,,,,,,,,,,,,,,,,,,,,,,,,,,,,,,,,,,,,,,,,,,,,,,,,,,,,,,,,,,,
1711,,,,,,,,,,,,,,,,,,,,0.402,,,,,,,,,,,,,,,,,,,,,,,,,,,,,,,,,,,,,,,,,,,,,,,,,,,,,,,,,,,,
1710,,,,,,,,,,,,,,,,,,,,0.899,,,,,,,,,,,,,,,,,,,,,,,,,,,,,,,,,,,,,,,,,,,,,,,,,,,,,,,,,,,,
1709,,,,,,,,,,,,,,,,,,,,0.551,,,,,,,,,,,,,,,,,,,,,,,,,,,,,,,,,,,,,,,,,,,,,,,,,,,,,,,,,,,,
1708,,,,,,,,,,,,,,,,,,,,0.255,,,,,,,,,,,,,,,,,,,,,,,,,,,,,,,,,,,,,,,,,,,,,,,,,,,,,,,,,,,,
1707,,,,,,,,,,,,,,,,,,,,0.142,,,,,,,,,,,,,,,,,,,,,,,,,,,,,,,,,,,,,,,,,,,,,,,,,,,,,,,,,,,,
1706,,,,,,,,,,,,,,,,,,,,0.143,,,,,,,,,,,,,,,,,,,,,,,,,,,,,,,,,,,,,,,,,,,,,,,,,,,,,,,,,,,,
1705,,,,,,,,,,,,,,,,,,,,0.125,,,,,,,,,,,,,,,,,,,,,,,,,,,,,,,,,,,,,,,,,,,,,,,,,,,,,,,,,,,,
1704,,,,,,,,,,,,,,,,,,,,0.246,,,,,,,,,,,,,,,,,,,,,,,,,,,,,,,,,,,,,,,,,,,,,,,,,,,,,,,,,,,,
1703,,,,,,,,,,,,,,,,,,,,0.104,,,,,,,,,,,,,,,,,,,,,,,,,,,,,,,,,,,,,,,,,,,,,,,,,,,,,,,,,,,,
1702,,,,,,,,,,,,,,,,,,,,0.155,,,,,,,,,,,,,,,,,,,,,,,,,,,,,,,,,,,,,,,,,,,,,,,,,,,,,,,,,,,,
1701,,,,,,,,,,,,,,,,,,,,0.061,,,,,,,,,,,,,,,,,,,,,,,,,,,,,,,,,,,,,,,,,,,,,,,,,,,,,,,,,,,,
1700,,,,,,,,,,,,,,,,,,,,0.119,,,,,,,,,,,,,,,,,,,,,,,,,,,,,,,,,,,,,,,,,,,,,,,,,,,,,,,,,,,,
1699,,,,,,,,,,,,,,,,,,,,0.203,,,,,,,,,,,,,,,,,,,,,,,,,,,,,,,,,,,,,,,,,,,,,,,,,,,,,,,,,,,,
1698,,,,,,,,,,,,,,,,,,,,1.099,,,,,,,,,,,,,,,,,,,,,,,,,,,,,,,,,,,,,,,,,,,,,,,,,,,,,,,,,,,,
1697,,,,,,,,,,,,,,,,,,,,0.992,,,,,,,,,,,,,,,,,,,,,,,,,,,,,,,,,,,,,,,,,,,,,,,,,,,,,,,,,,,,
1696,,,,,,,,,,,,,,,,,,,,1.125,,,,,,,,,,,,,,,,,,,,,,,,,,,,,,,,,,,,,,,,,,,,,,,,,,,,,,,,,,,,
1695,,,,,,,,,,,,,,,,,,,,1.606,,,,,,,,,,,,,,,,,,,,,,,,,,,,,,,,,,,,,,,,,,,,,,,,,,,,,,,,,,,,
1694,,,,,,,,,,,,,,,,,,,,1.722,,,,,,,,,,,,,,,,,,,,,,,,,,,,,,,,,,,,,,,,,,,,,,,,,,,,,,,,,,,,
